county,year,month,t_dense,treated,G
Alcona,2016,10,1,0,0
Alcona,2016,11,2,0,0
Alcona,2016,12,3,0,0
Alcona,2017,1,4,0,0
Alcona,2017,2,5,0,0
Alcona,2017,3,6,0,0
Alcona,2017,4,7,0,0
Alcona,2017,5,8,0,0
Alcona,2017,6,9,0,0
Alcona,2017,7,10,0,0
Alcona,2017,8,11,0,0
Alcona,2017,9,12,0,0
Alcona,2017,10,13,0,0
Alcona,2017,11,14,0,0
Alcona,2017,12,15,0,0
Alcona,2018,1,16,0,0
Alcona,2018,2,17,0,0
Alcona,2018,3,18,0,0
Alcona,2018,4,19,0,0
Alcona,2018,5,20,0,0
Alcona,2018,6,21,0,0
Alcona,2018,7,22,0,0
Alcona,2018,8,23,0,0
Alcona,2018,9,24,0,0
Alcona,2018,10,25,0,0
Alcona,2018,11,26,0,0
Alcona,2018,12,27,0,0
Alcona,2019,1,28,0,0
Alcona,2019,2,29,0,0
Alcona,2019,3,30,0,0
Alcona,2019,4,31,0,0
Alcona,2019,5,32,0,0
Alcona,2019,6,33,0,0
Alcona,2019,7,34,0,0
Alcona,2019,8,35,0,0
Alcona,2019,9,36,0,0
Alcona,2019,10,37,0,0
Alcona,2019,11,38,0,0
Alcona,2019,12,39,0,0
Alger,2016,10,1,0,0
Alger,2016,11,2,0,0
Alger,2016,12,3,0,0
Alger,2017,1,4,0,0
Alger,2017,2,5,0,0
Alger,2017,3,6,0,0
Alger,2017,4,7,0,0
Alger,2017,5,8,0,0
Alger,2017,6,9,0,0
Alger,2017,7,10,0,0
Alger,2017,8,11,0,0
Alger,2017,9,12,0,0
Alger,2017,10,13,0,0
Alger,2017,11,14,0,0
Alger,2017,12,15,0,0
Alger,2018,1,16,0,0
Alger,2018,2,17,0,0
Alger,2018,3,18,0,0
Alger,2018,4,19,0,0
Alger,2018,5,20,0,0
Alger,2018,6,21,0,0
Alger,2018,7,22,0,0
Alger,2018,8,23,0,0
Alger,2018,9,24,0,0
Alger,2018,10,25,0,0
Alger,2018,11,26,0,0
Alger,2018,12,27,0,0
Alger,2019,1,28,0,0
Alger,2019,2,29,0,0
Alger,2019,3,30,0,0
Alger,2019,4,31,0,0
Alger,2019,5,32,0,0
Alger,2019,6,33,0,0
Alger,2019,7,34,0,0
Alger,2019,8,35,0,0
Alger,2019,9,36,0,0
Alger,2019,10,37,0,0
Alger,2019,11,38,0,0
Alger,2019,12,39,0,0
Allegan,2016,10,1,0,16
Allegan,2016,11,2,0,16
Allegan,2016,12,3,0,16
Allegan,2017,1,4,0,16
Allegan,2017,2,5,0,16
Allegan,2017,3,6,0,16
Allegan,2017,4,7,0,16
Allegan,2017,5,8,0,16
Allegan,2017,6,9,0,16
Allegan,2017,7,10,0,16
Allegan,2017,8,11,0,16
Allegan,2017,9,12,0,16
Allegan,2017,10,13,0,16
Allegan,2017,11,14,0,16
Allegan,2017,12,15,0,16
Allegan,2018,1,16,1,16
Allegan,2018,2,17,1,16
Allegan,2018,3,18,1,16
Allegan,2018,4,19,1,16
Allegan,2018,5,20,1,16
Allegan,2018,6,21,1,16
Allegan,2018,7,22,1,16
Allegan,2018,8,23,1,16
Allegan,2018,9,24,1,16
Allegan,2018,10,25,1,16
Allegan,2018,11,26,1,16
Allegan,2018,12,27,1,16
Allegan,2019,1,28,1,16
Allegan,2019,2,29,1,16
Allegan,2019,3,30,1,16
Allegan,2019,4,31,1,16
Allegan,2019,5,32,1,16
Allegan,2019,6,33,1,16
Allegan,2019,7,34,1,16
Allegan,2019,8,35,1,16
Allegan,2019,9,36,1,16
Allegan,2019,10,37,1,16
Allegan,2019,11,38,1,16
Allegan,2019,12,39,1,16
Alpena,2016,10,1,0,0
Alpena,2016,11,2,0,0
Alpena,2016,12,3,0,0
Alpena,2017,1,4,0,0
Alpena,2017,2,5,0,0
Alpena,2017,3,6,0,0
Alpena,2017,4,7,0,0
Alpena,2017,5,8,0,0
Alpena,2017,6,9,0,0
Alpena,2017,7,10,0,0
Alpena,2017,8,11,0,0
Alpena,2017,9,12,0,0
Alpena,2017,10,13,0,0
Alpena,2017,11,14,0,0
Alpena,2017,12,15,0,0
Alpena,2018,1,16,0,0
Alpena,2018,2,17,0,0
Alpena,2018,3,18,0,0
Alpena,2018,4,19,0,0
Alpena,2018,5,20,0,0
Alpena,2018,6,21,0,0
Alpena,2018,7,22,0,0
Alpena,2018,8,23,0,0
Alpena,2018,9,24,0,0
Alpena,2018,10,25,0,0
Alpena,2018,11,26,0,0
Alpena,2018,12,27,0,0
Alpena,2019,1,28,0,0
Alpena,2019,2,29,0,0
Alpena,2019,3,30,0,0
Alpena,2019,4,31,0,0
Alpena,2019,5,32,0,0
Alpena,2019,6,33,0,0
Alpena,2019,7,34,0,0
Alpena,2019,8,35,0,0
Alpena,2019,9,36,0,0
Alpena,2019,10,37,0,0
Alpena,2019,11,38,0,0
Alpena,2019,12,39,0,0
Antrim,2016,10,1,0,0
Antrim,2016,11,2,0,0
Antrim,2016,12,3,0,0
Antrim,2017,1,4,0,0
Antrim,2017,2,5,0,0
Antrim,2017,3,6,0,0
Antrim,2017,4,7,0,0
Antrim,2017,5,8,0,0
Antrim,2017,6,9,0,0
Antrim,2017,7,10,0,0
Antrim,2017,8,11,0,0
Antrim,2017,9,12,0,0
Antrim,2017,10,13,0,0
Antrim,2017,11,14,0,0
Antrim,2017,12,15,0,0
Antrim,2018,1,16,0,0
Antrim,2018,2,17,0,0
Antrim,2018,3,18,0,0
Antrim,2018,4,19,0,0
Antrim,2018,5,20,0,0
Antrim,2018,6,21,0,0
Antrim,2018,7,22,0,0
Antrim,2018,8,23,0,0
Antrim,2018,9,24,0,0
Antrim,2018,10,25,0,0
Antrim,2018,11,26,0,0
Antrim,2018,12,27,0,0
Antrim,2019,1,28,0,0
Antrim,2019,2,29,0,0
Antrim,2019,3,30,0,0
Antrim,2019,4,31,0,0
Antrim,2019,5,32,0,0
Antrim,2019,6,33,0,0
Antrim,2019,7,34,0,0
Antrim,2019,8,35,0,0
Antrim,2019,9,36,0,0
Antrim,2019,10,37,0,0
Antrim,2019,11,38,0,0
Antrim,2019,12,39,0,0
Arenac,2016,10,1,0,0
Arenac,2016,11,2,0,0
Arenac,2016,12,3,0,0
Arenac,2017,1,4,0,0
Arenac,2017,2,5,0,0
Arenac,2017,3,6,0,0
Arenac,2017,4,7,0,0
Arenac,2017,5,8,0,0
Arenac,2017,6,9,0,0
Arenac,2017,7,10,0,0
Arenac,2017,8,11,0,0
Arenac,2017,9,12,0,0
Arenac,2017,10,13,0,0
Arenac,2017,11,14,0,0
Arenac,2017,12,15,0,0
Arenac,2018,1,16,0,0
Arenac,2018,2,17,0,0
Arenac,2018,3,18,0,0
Arenac,2018,4,19,0,0
Arenac,2018,5,20,0,0
Arenac,2018,6,21,0,0
Arenac,2018,7,22,0,0
Arenac,2018,8,23,0,0
Arenac,2018,9,24,0,0
Arenac,2018,10,25,0,0
Arenac,2018,11,26,0,0
Arenac,2018,12,27,0,0
Arenac,2019,1,28,0,0
Arenac,2019,2,29,0,0
Arenac,2019,3,30,0,0
Arenac,2019,4,31,0,0
Arenac,2019,5,32,0,0
Arenac,2019,6,33,0,0
Arenac,2019,7,34,0,0
Arenac,2019,8,35,0,0
Arenac,2019,9,36,0,0
Arenac,2019,10,37,0,0
Arenac,2019,11,38,0,0
Arenac,2019,12,39,0,0
Baraga,2016,10,1,0,0
Baraga,2016,11,2,0,0
Baraga,2016,12,3,0,0
Baraga,2017,1,4,0,0
Baraga,2017,2,5,0,0
Baraga,2017,3,6,0,0
Baraga,2017,4,7,0,0
Baraga,2017,5,8,0,0
Baraga,2017,6,9,0,0
Baraga,2017,7,10,0,0
Baraga,2017,8,11,0,0
Baraga,2017,9,12,0,0
Baraga,2017,10,13,0,0
Baraga,2017,11,14,0,0
Baraga,2017,12,15,0,0
Baraga,2018,1,16,0,0
Baraga,2018,2,17,0,0
Baraga,2018,3,18,0,0
Baraga,2018,4,19,0,0
Baraga,2018,5,20,0,0
Baraga,2018,6,21,0,0
Baraga,2018,7,22,0,0
Baraga,2018,8,23,0,0
Baraga,2018,9,24,0,0
Baraga,2018,10,25,0,0
Baraga,2018,11,26,0,0
Baraga,2018,12,27,0,0
Baraga,2019,1,28,0,0
Baraga,2019,2,29,0,0
Baraga,2019,3,30,0,0
Baraga,2019,4,31,0,0
Baraga,2019,5,32,0,0
Baraga,2019,6,33,0,0
Baraga,2019,7,34,0,0
Baraga,2019,8,35,0,0
Baraga,2019,9,36,0,0
Baraga,2019,10,37,0,0
Baraga,2019,11,38,0,0
Baraga,2019,12,39,0,0
Barry,2016,10,1,0,16
Barry,2016,11,2,0,16
Barry,2016,12,3,0,16
Barry,2017,1,4,0,16
Barry,2017,2,5,0,16
Barry,2017,3,6,0,16
Barry,2017,4,7,0,16
Barry,2017,5,8,0,16
Barry,2017,6,9,0,16
Barry,2017,7,10,0,16
Barry,2017,8,11,0,16
Barry,2017,9,12,0,16
Barry,2017,10,13,0,16
Barry,2017,11,14,0,16
Barry,2017,12,15,0,16
Barry,2018,1,16,1,16
Barry,2018,2,17,1,16
Barry,2018,3,18,1,16
Barry,2018,4,19,1,16
Barry,2018,5,20,1,16
Barry,2018,6,21,1,16
Barry,2018,7,22,1,16
Barry,2018,8,23,1,16
Barry,2018,9,24,1,16
Barry,2018,10,25,1,16
Barry,2018,11,26,1,16
Barry,2018,12,27,1,16
Barry,2019,1,28,1,16
Barry,2019,2,29,1,16
Barry,2019,3,30,1,16
Barry,2019,4,31,1,16
Barry,2019,5,32,1,16
Barry,2019,6,33,1,16
Barry,2019,7,34,1,16
Barry,2019,8,35,1,16
Barry,2019,9,36,1,16
Barry,2019,10,37,1,16
Barry,2019,11,38,1,16
Barry,2019,12,39,1,16
Bay,2016,10,1,0,0
Bay,2016,11,2,0,0
Bay,2016,12,3,0,0
Bay,2017,1,4,0,0
Bay,2017,2,5,0,0
Bay,2017,3,6,0,0
Bay,2017,4,7,0,0
Bay,2017,5,8,0,0
Bay,2017,6,9,0,0
Bay,2017,7,10,0,0
Bay,2017,8,11,0,0
Bay,2017,9,12,0,0
Bay,2017,10,13,0,0
Bay,2017,11,14,0,0
Bay,2017,12,15,0,0
Bay,2018,1,16,0,0
Bay,2018,2,17,0,0
Bay,2018,3,18,0,0
Bay,2018,4,19,0,0
Bay,2018,5,20,0,0
Bay,2018,6,21,0,0
Bay,2018,7,22,0,0
Bay,2018,8,23,0,0
Bay,2018,9,24,0,0
Bay,2018,10,25,0,0
Bay,2018,11,26,0,0
Bay,2018,12,27,0,0
Bay,2019,1,28,0,0
Bay,2019,2,29,0,0
Bay,2019,3,30,0,0
Bay,2019,4,31,0,0
Bay,2019,5,32,0,0
Bay,2019,6,33,0,0
Bay,2019,7,34,0,0
Bay,2019,8,35,0,0
Bay,2019,9,36,0,0
Bay,2019,10,37,0,0
Bay,2019,11,38,0,0
Bay,2019,12,39,0,0
Benzie,2016,10,1,0,0
Benzie,2016,11,2,0,0
Benzie,2016,12,3,0,0
Benzie,2017,1,4,0,0
Benzie,2017,2,5,0,0
Benzie,2017,3,6,0,0
Benzie,2017,4,7,0,0
Benzie,2017,5,8,0,0
Benzie,2017,6,9,0,0
Benzie,2017,7,10,0,0
Benzie,2017,8,11,0,0
Benzie,2017,9,12,0,0
Benzie,2017,10,13,0,0
Benzie,2017,11,14,0,0
Benzie,2017,12,15,0,0
Benzie,2018,1,16,0,0
Benzie,2018,2,17,0,0
Benzie,2018,3,18,0,0
Benzie,2018,4,19,0,0
Benzie,2018,5,20,0,0
Benzie,2018,6,21,0,0
Benzie,2018,7,22,0,0
Benzie,2018,8,23,0,0
Benzie,2018,9,24,0,0
Benzie,2018,10,25,0,0
Benzie,2018,11,26,0,0
Benzie,2018,12,27,0,0
Benzie,2019,1,28,0,0
Benzie,2019,2,29,0,0
Benzie,2019,3,30,0,0
Benzie,2019,4,31,0,0
Benzie,2019,5,32,0,0
Benzie,2019,6,33,0,0
Benzie,2019,7,34,0,0
Benzie,2019,8,35,0,0
Benzie,2019,9,36,0,0
Benzie,2019,10,37,0,0
Benzie,2019,11,38,0,0
Benzie,2019,12,39,0,0
Berrien,2016,10,1,0,16
Berrien,2016,11,2,0,16
Berrien,2016,12,3,0,16
Berrien,2017,1,4,0,16
Berrien,2017,2,5,0,16
Berrien,2017,3,6,0,16
Berrien,2017,4,7,0,16
Berrien,2017,5,8,0,16
Berrien,2017,6,9,0,16
Berrien,2017,7,10,0,16
Berrien,2017,8,11,0,16
Berrien,2017,9,12,0,16
Berrien,2017,10,13,0,16
Berrien,2017,11,14,0,16
Berrien,2017,12,15,0,16
Berrien,2018,1,16,1,16
Berrien,2018,2,17,1,16
Berrien,2018,3,18,1,16
Berrien,2018,4,19,1,16
Berrien,2018,5,20,1,16
Berrien,2018,6,21,1,16
Berrien,2018,7,22,1,16
Berrien,2018,8,23,1,16
Berrien,2018,9,24,1,16
Berrien,2018,10,25,1,16
Berrien,2018,11,26,1,16
Berrien,2018,12,27,1,16
Berrien,2019,1,28,1,16
Berrien,2019,2,29,1,16
Berrien,2019,3,30,1,16
Berrien,2019,4,31,1,16
Berrien,2019,5,32,1,16
Berrien,2019,6,33,1,16
Berrien,2019,7,34,1,16
Berrien,2019,8,35,1,16
Berrien,2019,9,36,1,16
Berrien,2019,10,37,1,16
Berrien,2019,11,38,1,16
Berrien,2019,12,39,1,16
Branch,2016,10,1,0,0
Branch,2016,11,2,0,0
Branch,2016,12,3,0,0
Branch,2017,1,4,0,0
Branch,2017,2,5,0,0
Branch,2017,3,6,0,0
Branch,2017,4,7,0,0
Branch,2017,5,8,0,0
Branch,2017,6,9,0,0
Branch,2017,7,10,0,0
Branch,2017,8,11,0,0
Branch,2017,9,12,0,0
Branch,2017,10,13,0,0
Branch,2017,11,14,0,0
Branch,2017,12,15,0,0
Branch,2018,1,16,0,0
Branch,2018,2,17,0,0
Branch,2018,3,18,0,0
Branch,2018,4,19,0,0
Branch,2018,5,20,0,0
Branch,2018,6,21,0,0
Branch,2018,7,22,0,0
Branch,2018,8,23,0,0
Branch,2018,9,24,0,0
Branch,2018,10,25,0,0
Branch,2018,11,26,0,0
Branch,2018,12,27,0,0
Branch,2019,1,28,0,0
Branch,2019,2,29,0,0
Branch,2019,3,30,0,0
Branch,2019,4,31,0,0
Branch,2019,5,32,0,0
Branch,2019,6,33,0,0
Branch,2019,7,34,0,0
Branch,2019,8,35,0,0
Branch,2019,9,36,0,0
Branch,2019,10,37,0,0
Branch,2019,11,38,0,0
Branch,2019,12,39,0,0
Calhoun,2016,10,1,0,0
Calhoun,2016,11,2,0,0
Calhoun,2016,12,3,0,0
Calhoun,2017,1,4,0,0
Calhoun,2017,2,5,0,0
Calhoun,2017,3,6,0,0
Calhoun,2017,4,7,0,0
Calhoun,2017,5,8,0,0
Calhoun,2017,6,9,0,0
Calhoun,2017,7,10,0,0
Calhoun,2017,8,11,0,0
Calhoun,2017,9,12,0,0
Calhoun,2017,10,13,0,0
Calhoun,2017,11,14,0,0
Calhoun,2017,12,15,0,0
Calhoun,2018,1,16,0,0
Calhoun,2018,2,17,0,0
Calhoun,2018,3,18,0,0
Calhoun,2018,4,19,0,0
Calhoun,2018,5,20,0,0
Calhoun,2018,6,21,0,0
Calhoun,2018,7,22,0,0
Calhoun,2018,8,23,0,0
Calhoun,2018,9,24,0,0
Calhoun,2018,10,25,0,0
Calhoun,2018,11,26,0,0
Calhoun,2018,12,27,0,0
Calhoun,2019,1,28,0,0
Calhoun,2019,2,29,0,0
Calhoun,2019,3,30,0,0
Calhoun,2019,4,31,0,0
Calhoun,2019,5,32,0,0
Calhoun,2019,6,33,0,0
Calhoun,2019,7,34,0,0
Calhoun,2019,8,35,0,0
Calhoun,2019,9,36,0,0
Calhoun,2019,10,37,0,0
Calhoun,2019,11,38,0,0
Calhoun,2019,12,39,0,0
Cass,2016,10,1,0,0
Cass,2016,11,2,0,0
Cass,2016,12,3,0,0
Cass,2017,1,4,0,0
Cass,2017,2,5,0,0
Cass,2017,3,6,0,0
Cass,2017,4,7,0,0
Cass,2017,5,8,0,0
Cass,2017,6,9,0,0
Cass,2017,7,10,0,0
Cass,2017,8,11,0,0
Cass,2017,9,12,0,0
Cass,2017,10,13,0,0
Cass,2017,11,14,0,0
Cass,2017,12,15,0,0
Cass,2018,1,16,0,0
Cass,2018,2,17,0,0
Cass,2018,3,18,0,0
Cass,2018,4,19,0,0
Cass,2018,5,20,0,0
Cass,2018,6,21,0,0
Cass,2018,7,22,0,0
Cass,2018,8,23,0,0
Cass,2018,9,24,0,0
Cass,2018,10,25,0,0
Cass,2018,11,26,0,0
Cass,2018,12,27,0,0
Cass,2019,1,28,0,0
Cass,2019,2,29,0,0
Cass,2019,3,30,0,0
Cass,2019,4,31,0,0
Cass,2019,5,32,0,0
Cass,2019,6,33,0,0
Cass,2019,7,34,0,0
Cass,2019,8,35,0,0
Cass,2019,9,36,0,0
Cass,2019,10,37,0,0
Cass,2019,11,38,0,0
Cass,2019,12,39,0,0
Charlevoix,2016,10,1,0,0
Charlevoix,2016,11,2,0,0
Charlevoix,2016,12,3,0,0
Charlevoix,2017,1,4,0,0
Charlevoix,2017,2,5,0,0
Charlevoix,2017,3,6,0,0
Charlevoix,2017,4,7,0,0
Charlevoix,2017,5,8,0,0
Charlevoix,2017,6,9,0,0
Charlevoix,2017,7,10,0,0
Charlevoix,2017,8,11,0,0
Charlevoix,2017,9,12,0,0
Charlevoix,2017,10,13,0,0
Charlevoix,2017,11,14,0,0
Charlevoix,2017,12,15,0,0
Charlevoix,2018,1,16,0,0
Charlevoix,2018,2,17,0,0
Charlevoix,2018,3,18,0,0
Charlevoix,2018,4,19,0,0
Charlevoix,2018,5,20,0,0
Charlevoix,2018,6,21,0,0
Charlevoix,2018,7,22,0,0
Charlevoix,2018,8,23,0,0
Charlevoix,2018,9,24,0,0
Charlevoix,2018,10,25,0,0
Charlevoix,2018,11,26,0,0
Charlevoix,2018,12,27,0,0
Charlevoix,2019,1,28,0,0
Charlevoix,2019,2,29,0,0
Charlevoix,2019,3,30,0,0
Charlevoix,2019,4,31,0,0
Charlevoix,2019,5,32,0,0
Charlevoix,2019,6,33,0,0
Charlevoix,2019,7,34,0,0
Charlevoix,2019,8,35,0,0
Charlevoix,2019,9,36,0,0
Charlevoix,2019,10,37,0,0
Charlevoix,2019,11,38,0,0
Charlevoix,2019,12,39,0,0
Cheboygan,2016,10,1,0,0
Cheboygan,2016,11,2,0,0
Cheboygan,2016,12,3,0,0
Cheboygan,2017,1,4,0,0
Cheboygan,2017,2,5,0,0
Cheboygan,2017,3,6,0,0
Cheboygan,2017,4,7,0,0
Cheboygan,2017,5,8,0,0
Cheboygan,2017,6,9,0,0
Cheboygan,2017,7,10,0,0
Cheboygan,2017,8,11,0,0
Cheboygan,2017,9,12,0,0
Cheboygan,2017,10,13,0,0
Cheboygan,2017,11,14,0,0
Cheboygan,2017,12,15,0,0
Cheboygan,2018,1,16,0,0
Cheboygan,2018,2,17,0,0
Cheboygan,2018,3,18,0,0
Cheboygan,2018,4,19,0,0
Cheboygan,2018,5,20,0,0
Cheboygan,2018,6,21,0,0
Cheboygan,2018,7,22,0,0
Cheboygan,2018,8,23,0,0
Cheboygan,2018,9,24,0,0
Cheboygan,2018,10,25,0,0
Cheboygan,2018,11,26,0,0
Cheboygan,2018,12,27,0,0
Cheboygan,2019,1,28,0,0
Cheboygan,2019,2,29,0,0
Cheboygan,2019,3,30,0,0
Cheboygan,2019,4,31,0,0
Cheboygan,2019,5,32,0,0
Cheboygan,2019,6,33,0,0
Cheboygan,2019,7,34,0,0
Cheboygan,2019,8,35,0,0
Cheboygan,2019,9,36,0,0
Cheboygan,2019,10,37,0,0
Cheboygan,2019,11,38,0,0
Cheboygan,2019,12,39,0,0
Chippewa,2016,10,1,0,0
Chippewa,2016,11,2,0,0
Chippewa,2016,12,3,0,0
Chippewa,2017,1,4,0,0
Chippewa,2017,2,5,0,0
Chippewa,2017,3,6,0,0
Chippewa,2017,4,7,0,0
Chippewa,2017,5,8,0,0
Chippewa,2017,6,9,0,0
Chippewa,2017,7,10,0,0
Chippewa,2017,8,11,0,0
Chippewa,2017,9,12,0,0
Chippewa,2017,10,13,0,0
Chippewa,2017,11,14,0,0
Chippewa,2017,12,15,0,0
Chippewa,2018,1,16,0,0
Chippewa,2018,2,17,0,0
Chippewa,2018,3,18,0,0
Chippewa,2018,4,19,0,0
Chippewa,2018,5,20,0,0
Chippewa,2018,6,21,0,0
Chippewa,2018,7,22,0,0
Chippewa,2018,8,23,0,0
Chippewa,2018,9,24,0,0
Chippewa,2018,10,25,0,0
Chippewa,2018,11,26,0,0
Chippewa,2018,12,27,0,0
Chippewa,2019,1,28,0,0
Chippewa,2019,2,29,0,0
Chippewa,2019,3,30,0,0
Chippewa,2019,4,31,0,0
Chippewa,2019,5,32,0,0
Chippewa,2019,6,33,0,0
Chippewa,2019,7,34,0,0
Chippewa,2019,8,35,0,0
Chippewa,2019,9,36,0,0
Chippewa,2019,10,37,0,0
Chippewa,2019,11,38,0,0
Chippewa,2019,12,39,0,0
Clare,2016,10,1,0,0
Clare,2016,11,2,0,0
Clare,2016,12,3,0,0
Clare,2017,1,4,0,0
Clare,2017,2,5,0,0
Clare,2017,3,6,0,0
Clare,2017,4,7,0,0
Clare,2017,5,8,0,0
Clare,2017,6,9,0,0
Clare,2017,7,10,0,0
Clare,2017,8,11,0,0
Clare,2017,9,12,0,0
Clare,2017,10,13,0,0
Clare,2017,11,14,0,0
Clare,2017,12,15,0,0
Clare,2018,1,16,0,0
Clare,2018,2,17,0,0
Clare,2018,3,18,0,0
Clare,2018,4,19,0,0
Clare,2018,5,20,0,0
Clare,2018,6,21,0,0
Clare,2018,7,22,0,0
Clare,2018,8,23,0,0
Clare,2018,9,24,0,0
Clare,2018,10,25,0,0
Clare,2018,11,26,0,0
Clare,2018,12,27,0,0
Clare,2019,1,28,0,0
Clare,2019,2,29,0,0
Clare,2019,3,30,0,0
Clare,2019,4,31,0,0
Clare,2019,5,32,0,0
Clare,2019,6,33,0,0
Clare,2019,7,34,0,0
Clare,2019,8,35,0,0
Clare,2019,9,36,0,0
Clare,2019,10,37,0,0
Clare,2019,11,38,0,0
Clare,2019,12,39,0,0
Clinton,2016,10,1,0,16
Clinton,2016,11,2,0,16
Clinton,2016,12,3,0,16
Clinton,2017,1,4,0,16
Clinton,2017,2,5,0,16
Clinton,2017,3,6,0,16
Clinton,2017,4,7,0,16
Clinton,2017,5,8,0,16
Clinton,2017,6,9,0,16
Clinton,2017,7,10,0,16
Clinton,2017,8,11,0,16
Clinton,2017,9,12,0,16
Clinton,2017,10,13,0,16
Clinton,2017,11,14,0,16
Clinton,2017,12,15,0,16
Clinton,2018,1,16,1,16
Clinton,2018,2,17,1,16
Clinton,2018,3,18,1,16
Clinton,2018,4,19,1,16
Clinton,2018,5,20,1,16
Clinton,2018,6,21,1,16
Clinton,2018,7,22,1,16
Clinton,2018,8,23,1,16
Clinton,2018,9,24,1,16
Clinton,2018,10,25,1,16
Clinton,2018,11,26,1,16
Clinton,2018,12,27,1,16
Clinton,2019,1,28,1,16
Clinton,2019,2,29,1,16
Clinton,2019,3,30,1,16
Clinton,2019,4,31,1,16
Clinton,2019,5,32,1,16
Clinton,2019,6,33,1,16
Clinton,2019,7,34,1,16
Clinton,2019,8,35,1,16
Clinton,2019,9,36,1,16
Clinton,2019,10,37,1,16
Clinton,2019,11,38,1,16
Clinton,2019,12,39,1,16
Crawford,2016,10,1,0,0
Crawford,2016,11,2,0,0
Crawford,2016,12,3,0,0
Crawford,2017,1,4,0,0
Crawford,2017,2,5,0,0
Crawford,2017,3,6,0,0
Crawford,2017,4,7,0,0
Crawford,2017,5,8,0,0
Crawford,2017,6,9,0,0
Crawford,2017,7,10,0,0
Crawford,2017,8,11,0,0
Crawford,2017,9,12,0,0
Crawford,2017,10,13,0,0
Crawford,2017,11,14,0,0
Crawford,2017,12,15,0,0
Crawford,2018,1,16,0,0
Crawford,2018,2,17,0,0
Crawford,2018,3,18,0,0
Crawford,2018,4,19,0,0
Crawford,2018,5,20,0,0
Crawford,2018,6,21,0,0
Crawford,2018,7,22,0,0
Crawford,2018,8,23,0,0
Crawford,2018,9,24,0,0
Crawford,2018,10,25,0,0
Crawford,2018,11,26,0,0
Crawford,2018,12,27,0,0
Crawford,2019,1,28,0,0
Crawford,2019,2,29,0,0
Crawford,2019,3,30,0,0
Crawford,2019,4,31,0,0
Crawford,2019,5,32,0,0
Crawford,2019,6,33,0,0
Crawford,2019,7,34,0,0
Crawford,2019,8,35,0,0
Crawford,2019,9,36,0,0
Crawford,2019,10,37,0,0
Crawford,2019,11,38,0,0
Crawford,2019,12,39,0,0
Delta,2016,10,1,0,0
Delta,2016,11,2,0,0
Delta,2016,12,3,0,0
Delta,2017,1,4,0,0
Delta,2017,2,5,0,0
Delta,2017,3,6,0,0
Delta,2017,4,7,0,0
Delta,2017,5,8,0,0
Delta,2017,6,9,0,0
Delta,2017,7,10,0,0
Delta,2017,8,11,0,0
Delta,2017,9,12,0,0
Delta,2017,10,13,0,0
Delta,2017,11,14,0,0
Delta,2017,12,15,0,0
Delta,2018,1,16,0,0
Delta,2018,2,17,0,0
Delta,2018,3,18,0,0
Delta,2018,4,19,0,0
Delta,2018,5,20,0,0
Delta,2018,6,21,0,0
Delta,2018,7,22,0,0
Delta,2018,8,23,0,0
Delta,2018,9,24,0,0
Delta,2018,10,25,0,0
Delta,2018,11,26,0,0
Delta,2018,12,27,0,0
Delta,2019,1,28,0,0
Delta,2019,2,29,0,0
Delta,2019,3,30,0,0
Delta,2019,4,31,0,0
Delta,2019,5,32,0,0
Delta,2019,6,33,0,0
Delta,2019,7,34,0,0
Delta,2019,8,35,0,0
Delta,2019,9,36,0,0
Delta,2019,10,37,0,0
Delta,2019,11,38,0,0
Delta,2019,12,39,0,0
Dickinson,2016,10,1,0,0
Dickinson,2016,11,2,0,0
Dickinson,2016,12,3,0,0
Dickinson,2017,1,4,0,0
Dickinson,2017,2,5,0,0
Dickinson,2017,3,6,0,0
Dickinson,2017,4,7,0,0
Dickinson,2017,5,8,0,0
Dickinson,2017,6,9,0,0
Dickinson,2017,7,10,0,0
Dickinson,2017,8,11,0,0
Dickinson,2017,9,12,0,0
Dickinson,2017,10,13,0,0
Dickinson,2017,11,14,0,0
Dickinson,2017,12,15,0,0
Dickinson,2018,1,16,0,0
Dickinson,2018,2,17,0,0
Dickinson,2018,3,18,0,0
Dickinson,2018,4,19,0,0
Dickinson,2018,5,20,0,0
Dickinson,2018,6,21,0,0
Dickinson,2018,7,22,0,0
Dickinson,2018,8,23,0,0
Dickinson,2018,9,24,0,0
Dickinson,2018,10,25,0,0
Dickinson,2018,11,26,0,0
Dickinson,2018,12,27,0,0
Dickinson,2019,1,28,0,0
Dickinson,2019,2,29,0,0
Dickinson,2019,3,30,0,0
Dickinson,2019,4,31,0,0
Dickinson,2019,5,32,0,0
Dickinson,2019,6,33,0,0
Dickinson,2019,7,34,0,0
Dickinson,2019,8,35,0,0
Dickinson,2019,9,36,0,0
Dickinson,2019,10,37,0,0
Dickinson,2019,11,38,0,0
Dickinson,2019,12,39,0,0
Eaton,2016,10,1,0,16
Eaton,2016,11,2,0,16
Eaton,2016,12,3,0,16
Eaton,2017,1,4,0,16
Eaton,2017,2,5,0,16
Eaton,2017,3,6,0,16
Eaton,2017,4,7,0,16
Eaton,2017,5,8,0,16
Eaton,2017,6,9,0,16
Eaton,2017,7,10,0,16
Eaton,2017,8,11,0,16
Eaton,2017,9,12,0,16
Eaton,2017,10,13,0,16
Eaton,2017,11,14,0,16
Eaton,2017,12,15,0,16
Eaton,2018,1,16,1,16
Eaton,2018,2,17,1,16
Eaton,2018,3,18,1,16
Eaton,2018,4,19,1,16
Eaton,2018,5,20,1,16
Eaton,2018,6,21,1,16
Eaton,2018,7,22,1,16
Eaton,2018,8,23,1,16
Eaton,2018,9,24,1,16
Eaton,2018,10,25,1,16
Eaton,2018,11,26,1,16
Eaton,2018,12,27,1,16
Eaton,2019,1,28,1,16
Eaton,2019,2,29,1,16
Eaton,2019,3,30,1,16
Eaton,2019,4,31,1,16
Eaton,2019,5,32,1,16
Eaton,2019,6,33,1,16
Eaton,2019,7,34,1,16
Eaton,2019,8,35,1,16
Eaton,2019,9,36,1,16
Eaton,2019,10,37,1,16
Eaton,2019,11,38,1,16
Eaton,2019,12,39,1,16
Emmet,2016,10,1,0,0
Emmet,2016,11,2,0,0
Emmet,2016,12,3,0,0
Emmet,2017,1,4,0,0
Emmet,2017,2,5,0,0
Emmet,2017,3,6,0,0
Emmet,2017,4,7,0,0
Emmet,2017,5,8,0,0
Emmet,2017,6,9,0,0
Emmet,2017,7,10,0,0
Emmet,2017,8,11,0,0
Emmet,2017,9,12,0,0
Emmet,2017,10,13,0,0
Emmet,2017,11,14,0,0
Emmet,2017,12,15,0,0
Emmet,2018,1,16,0,0
Emmet,2018,2,17,0,0
Emmet,2018,3,18,0,0
Emmet,2018,4,19,0,0
Emmet,2018,5,20,0,0
Emmet,2018,6,21,0,0
Emmet,2018,7,22,0,0
Emmet,2018,8,23,0,0
Emmet,2018,9,24,0,0
Emmet,2018,10,25,0,0
Emmet,2018,11,26,0,0
Emmet,2018,12,27,0,0
Emmet,2019,1,28,0,0
Emmet,2019,2,29,0,0
Emmet,2019,3,30,0,0
Emmet,2019,4,31,0,0
Emmet,2019,5,32,0,0
Emmet,2019,6,33,0,0
Emmet,2019,7,34,0,0
Emmet,2019,8,35,0,0
Emmet,2019,9,36,0,0
Emmet,2019,10,37,0,0
Emmet,2019,11,38,0,0
Emmet,2019,12,39,0,0
Genesee,2016,10,1,0,0
Genesee,2016,11,2,0,0
Genesee,2016,12,3,0,0
Genesee,2017,1,4,0,0
Genesee,2017,2,5,0,0
Genesee,2017,3,6,0,0
Genesee,2017,4,7,0,0
Genesee,2017,5,8,0,0
Genesee,2017,6,9,0,0
Genesee,2017,7,10,0,0
Genesee,2017,8,11,0,0
Genesee,2017,9,12,0,0
Genesee,2017,10,13,0,0
Genesee,2017,11,14,0,0
Genesee,2017,12,15,0,0
Genesee,2018,1,16,0,0
Genesee,2018,2,17,0,0
Genesee,2018,3,18,0,0
Genesee,2018,4,19,0,0
Genesee,2018,5,20,0,0
Genesee,2018,6,21,0,0
Genesee,2018,7,22,0,0
Genesee,2018,8,23,0,0
Genesee,2018,9,24,0,0
Genesee,2018,10,25,0,0
Genesee,2018,11,26,0,0
Genesee,2018,12,27,0,0
Genesee,2019,1,28,0,0
Genesee,2019,2,29,0,0
Genesee,2019,3,30,0,0
Genesee,2019,4,31,0,0
Genesee,2019,5,32,0,0
Genesee,2019,6,33,0,0
Genesee,2019,7,34,0,0
Genesee,2019,8,35,0,0
Genesee,2019,9,36,0,0
Genesee,2019,10,37,0,0
Genesee,2019,11,38,0,0
Genesee,2019,12,39,0,0
Gladwin,2016,10,1,0,0
Gladwin,2016,11,2,0,0
Gladwin,2016,12,3,0,0
Gladwin,2017,1,4,0,0
Gladwin,2017,2,5,0,0
Gladwin,2017,3,6,0,0
Gladwin,2017,4,7,0,0
Gladwin,2017,5,8,0,0
Gladwin,2017,6,9,0,0
Gladwin,2017,7,10,0,0
Gladwin,2017,8,11,0,0
Gladwin,2017,9,12,0,0
Gladwin,2017,10,13,0,0
Gladwin,2017,11,14,0,0
Gladwin,2017,12,15,0,0
Gladwin,2018,1,16,0,0
Gladwin,2018,2,17,0,0
Gladwin,2018,3,18,0,0
Gladwin,2018,4,19,0,0
Gladwin,2018,5,20,0,0
Gladwin,2018,6,21,0,0
Gladwin,2018,7,22,0,0
Gladwin,2018,8,23,0,0
Gladwin,2018,9,24,0,0
Gladwin,2018,10,25,0,0
Gladwin,2018,11,26,0,0
Gladwin,2018,12,27,0,0
Gladwin,2019,1,28,0,0
Gladwin,2019,2,29,0,0
Gladwin,2019,3,30,0,0
Gladwin,2019,4,31,0,0
Gladwin,2019,5,32,0,0
Gladwin,2019,6,33,0,0
Gladwin,2019,7,34,0,0
Gladwin,2019,8,35,0,0
Gladwin,2019,9,36,0,0
Gladwin,2019,10,37,0,0
Gladwin,2019,11,38,0,0
Gladwin,2019,12,39,0,0
Gogebic,2016,10,1,0,0
Gogebic,2016,11,2,0,0
Gogebic,2016,12,3,0,0
Gogebic,2017,1,4,0,0
Gogebic,2017,2,5,0,0
Gogebic,2017,3,6,0,0
Gogebic,2017,4,7,0,0
Gogebic,2017,5,8,0,0
Gogebic,2017,6,9,0,0
Gogebic,2017,7,10,0,0
Gogebic,2017,8,11,0,0
Gogebic,2017,9,12,0,0
Gogebic,2017,10,13,0,0
Gogebic,2017,11,14,0,0
Gogebic,2017,12,15,0,0
Gogebic,2018,1,16,0,0
Gogebic,2018,2,17,0,0
Gogebic,2018,3,18,0,0
Gogebic,2018,4,19,0,0
Gogebic,2018,5,20,0,0
Gogebic,2018,6,21,0,0
Gogebic,2018,7,22,0,0
Gogebic,2018,8,23,0,0
Gogebic,2018,9,24,0,0
Gogebic,2018,10,25,0,0
Gogebic,2018,11,26,0,0
Gogebic,2018,12,27,0,0
Gogebic,2019,1,28,0,0
Gogebic,2019,2,29,0,0
Gogebic,2019,3,30,0,0
Gogebic,2019,4,31,0,0
Gogebic,2019,5,32,0,0
Gogebic,2019,6,33,0,0
Gogebic,2019,7,34,0,0
Gogebic,2019,8,35,0,0
Gogebic,2019,9,36,0,0
Gogebic,2019,10,37,0,0
Gogebic,2019,11,38,0,0
Gogebic,2019,12,39,0,0
Grand Traverse,2016,10,1,0,16
Grand Traverse,2016,11,2,0,16
Grand Traverse,2016,12,3,0,16
Grand Traverse,2017,1,4,0,16
Grand Traverse,2017,2,5,0,16
Grand Traverse,2017,3,6,0,16
Grand Traverse,2017,4,7,0,16
Grand Traverse,2017,5,8,0,16
Grand Traverse,2017,6,9,0,16
Grand Traverse,2017,7,10,0,16
Grand Traverse,2017,8,11,0,16
Grand Traverse,2017,9,12,0,16
Grand Traverse,2017,10,13,0,16
Grand Traverse,2017,11,14,0,16
Grand Traverse,2017,12,15,0,16
Grand Traverse,2018,1,16,1,16
Grand Traverse,2018,2,17,1,16
Grand Traverse,2018,3,18,1,16
Grand Traverse,2018,4,19,1,16
Grand Traverse,2018,5,20,1,16
Grand Traverse,2018,6,21,1,16
Grand Traverse,2018,7,22,1,16
Grand Traverse,2018,8,23,1,16
Grand Traverse,2018,9,24,1,16
Grand Traverse,2018,10,25,1,16
Grand Traverse,2018,11,26,1,16
Grand Traverse,2018,12,27,1,16
Grand Traverse,2019,1,28,1,16
Grand Traverse,2019,2,29,1,16
Grand Traverse,2019,3,30,1,16
Grand Traverse,2019,4,31,1,16
Grand Traverse,2019,5,32,1,16
Grand Traverse,2019,6,33,1,16
Grand Traverse,2019,7,34,1,16
Grand Traverse,2019,8,35,1,16
Grand Traverse,2019,9,36,1,16
Grand Traverse,2019,10,37,1,16
Grand Traverse,2019,11,38,1,16
Grand Traverse,2019,12,39,1,16
Gratiot,2016,10,1,0,0
Gratiot,2016,11,2,0,0
Gratiot,2016,12,3,0,0
Gratiot,2017,1,4,0,0
Gratiot,2017,2,5,0,0
Gratiot,2017,3,6,0,0
Gratiot,2017,4,7,0,0
Gratiot,2017,5,8,0,0
Gratiot,2017,6,9,0,0
Gratiot,2017,7,10,0,0
Gratiot,2017,8,11,0,0
Gratiot,2017,9,12,0,0
Gratiot,2017,10,13,0,0
Gratiot,2017,11,14,0,0
Gratiot,2017,12,15,0,0
Gratiot,2018,1,16,0,0
Gratiot,2018,2,17,0,0
Gratiot,2018,3,18,0,0
Gratiot,2018,4,19,0,0
Gratiot,2018,5,20,0,0
Gratiot,2018,6,21,0,0
Gratiot,2018,7,22,0,0
Gratiot,2018,8,23,0,0
Gratiot,2018,9,24,0,0
Gratiot,2018,10,25,0,0
Gratiot,2018,11,26,0,0
Gratiot,2018,12,27,0,0
Gratiot,2019,1,28,0,0
Gratiot,2019,2,29,0,0
Gratiot,2019,3,30,0,0
Gratiot,2019,4,31,0,0
Gratiot,2019,5,32,0,0
Gratiot,2019,6,33,0,0
Gratiot,2019,7,34,0,0
Gratiot,2019,8,35,0,0
Gratiot,2019,9,36,0,0
Gratiot,2019,10,37,0,0
Gratiot,2019,11,38,0,0
Gratiot,2019,12,39,0,0
Hillsdale,2016,10,1,0,0
Hillsdale,2016,11,2,0,0
Hillsdale,2016,12,3,0,0
Hillsdale,2017,1,4,0,0
Hillsdale,2017,2,5,0,0
Hillsdale,2017,3,6,0,0
Hillsdale,2017,4,7,0,0
Hillsdale,2017,5,8,0,0
Hillsdale,2017,6,9,0,0
Hillsdale,2017,7,10,0,0
Hillsdale,2017,8,11,0,0
Hillsdale,2017,9,12,0,0
Hillsdale,2017,10,13,0,0
Hillsdale,2017,11,14,0,0
Hillsdale,2017,12,15,0,0
Hillsdale,2018,1,16,0,0
Hillsdale,2018,2,17,0,0
Hillsdale,2018,3,18,0,0
Hillsdale,2018,4,19,0,0
Hillsdale,2018,5,20,0,0
Hillsdale,2018,6,21,0,0
Hillsdale,2018,7,22,0,0
Hillsdale,2018,8,23,0,0
Hillsdale,2018,9,24,0,0
Hillsdale,2018,10,25,0,0
Hillsdale,2018,11,26,0,0
Hillsdale,2018,12,27,0,0
Hillsdale,2019,1,28,0,0
Hillsdale,2019,2,29,0,0
Hillsdale,2019,3,30,0,0
Hillsdale,2019,4,31,0,0
Hillsdale,2019,5,32,0,0
Hillsdale,2019,6,33,0,0
Hillsdale,2019,7,34,0,0
Hillsdale,2019,8,35,0,0
Hillsdale,2019,9,36,0,0
Hillsdale,2019,10,37,0,0
Hillsdale,2019,11,38,0,0
Hillsdale,2019,12,39,0,0
Houghton,2016,10,1,0,0
Houghton,2016,11,2,0,0
Houghton,2016,12,3,0,0
Houghton,2017,1,4,0,0
Houghton,2017,2,5,0,0
Houghton,2017,3,6,0,0
Houghton,2017,4,7,0,0
Houghton,2017,5,8,0,0
Houghton,2017,6,9,0,0
Houghton,2017,7,10,0,0
Houghton,2017,8,11,0,0
Houghton,2017,9,12,0,0
Houghton,2017,10,13,0,0
Houghton,2017,11,14,0,0
Houghton,2017,12,15,0,0
Houghton,2018,1,16,0,0
Houghton,2018,2,17,0,0
Houghton,2018,3,18,0,0
Houghton,2018,4,19,0,0
Houghton,2018,5,20,0,0
Houghton,2018,6,21,0,0
Houghton,2018,7,22,0,0
Houghton,2018,8,23,0,0
Houghton,2018,9,24,0,0
Houghton,2018,10,25,0,0
Houghton,2018,11,26,0,0
Houghton,2018,12,27,0,0
Houghton,2019,1,28,0,0
Houghton,2019,2,29,0,0
Houghton,2019,3,30,0,0
Houghton,2019,4,31,0,0
Houghton,2019,5,32,0,0
Houghton,2019,6,33,0,0
Houghton,2019,7,34,0,0
Houghton,2019,8,35,0,0
Houghton,2019,9,36,0,0
Houghton,2019,10,37,0,0
Houghton,2019,11,38,0,0
Houghton,2019,12,39,0,0
Huron,2016,10,1,0,0
Huron,2016,11,2,0,0
Huron,2016,12,3,0,0
Huron,2017,1,4,0,0
Huron,2017,2,5,0,0
Huron,2017,3,6,0,0
Huron,2017,4,7,0,0
Huron,2017,5,8,0,0
Huron,2017,6,9,0,0
Huron,2017,7,10,0,0
Huron,2017,8,11,0,0
Huron,2017,9,12,0,0
Huron,2017,10,13,0,0
Huron,2017,11,14,0,0
Huron,2017,12,15,0,0
Huron,2018,1,16,0,0
Huron,2018,2,17,0,0
Huron,2018,3,18,0,0
Huron,2018,4,19,0,0
Huron,2018,5,20,0,0
Huron,2018,6,21,0,0
Huron,2018,7,22,0,0
Huron,2018,8,23,0,0
Huron,2018,9,24,0,0
Huron,2018,10,25,0,0
Huron,2018,11,26,0,0
Huron,2018,12,27,0,0
Huron,2019,1,28,0,0
Huron,2019,2,29,0,0
Huron,2019,3,30,0,0
Huron,2019,4,31,0,0
Huron,2019,5,32,0,0
Huron,2019,6,33,0,0
Huron,2019,7,34,0,0
Huron,2019,8,35,0,0
Huron,2019,9,36,0,0
Huron,2019,10,37,0,0
Huron,2019,11,38,0,0
Huron,2019,12,39,0,0
Ingham,2016,10,1,0,16
Ingham,2016,11,2,0,16
Ingham,2016,12,3,0,16
Ingham,2017,1,4,0,16
Ingham,2017,2,5,0,16
Ingham,2017,3,6,0,16
Ingham,2017,4,7,0,16
Ingham,2017,5,8,0,16
Ingham,2017,6,9,0,16
Ingham,2017,7,10,0,16
Ingham,2017,8,11,0,16
Ingham,2017,9,12,0,16
Ingham,2017,10,13,0,16
Ingham,2017,11,14,0,16
Ingham,2017,12,15,0,16
Ingham,2018,1,16,1,16
Ingham,2018,2,17,1,16
Ingham,2018,3,18,1,16
Ingham,2018,4,19,1,16
Ingham,2018,5,20,1,16
Ingham,2018,6,21,1,16
Ingham,2018,7,22,1,16
Ingham,2018,8,23,1,16
Ingham,2018,9,24,1,16
Ingham,2018,10,25,1,16
Ingham,2018,11,26,1,16
Ingham,2018,12,27,1,16
Ingham,2019,1,28,1,16
Ingham,2019,2,29,1,16
Ingham,2019,3,30,1,16
Ingham,2019,4,31,1,16
Ingham,2019,5,32,1,16
Ingham,2019,6,33,1,16
Ingham,2019,7,34,1,16
Ingham,2019,8,35,1,16
Ingham,2019,9,36,1,16
Ingham,2019,10,37,1,16
Ingham,2019,11,38,1,16
Ingham,2019,12,39,1,16
Ionia,2016,10,1,0,16
Ionia,2016,11,2,0,16
Ionia,2016,12,3,0,16
Ionia,2017,1,4,0,16
Ionia,2017,2,5,0,16
Ionia,2017,3,6,0,16
Ionia,2017,4,7,0,16
Ionia,2017,5,8,0,16
Ionia,2017,6,9,0,16
Ionia,2017,7,10,0,16
Ionia,2017,8,11,0,16
Ionia,2017,9,12,0,16
Ionia,2017,10,13,0,16
Ionia,2017,11,14,0,16
Ionia,2017,12,15,0,16
Ionia,2018,1,16,1,16
Ionia,2018,2,17,1,16
Ionia,2018,3,18,1,16
Ionia,2018,4,19,1,16
Ionia,2018,5,20,1,16
Ionia,2018,6,21,1,16
Ionia,2018,7,22,1,16
Ionia,2018,8,23,1,16
Ionia,2018,9,24,1,16
Ionia,2018,10,25,1,16
Ionia,2018,11,26,1,16
Ionia,2018,12,27,1,16
Ionia,2019,1,28,1,16
Ionia,2019,2,29,1,16
Ionia,2019,3,30,1,16
Ionia,2019,4,31,1,16
Ionia,2019,5,32,1,16
Ionia,2019,6,33,1,16
Ionia,2019,7,34,1,16
Ionia,2019,8,35,1,16
Ionia,2019,9,36,1,16
Ionia,2019,10,37,1,16
Ionia,2019,11,38,1,16
Ionia,2019,12,39,1,16
Iosco,2016,10,1,0,0
Iosco,2016,11,2,0,0
Iosco,2016,12,3,0,0
Iosco,2017,1,4,0,0
Iosco,2017,2,5,0,0
Iosco,2017,3,6,0,0
Iosco,2017,4,7,0,0
Iosco,2017,5,8,0,0
Iosco,2017,6,9,0,0
Iosco,2017,7,10,0,0
Iosco,2017,8,11,0,0
Iosco,2017,9,12,0,0
Iosco,2017,10,13,0,0
Iosco,2017,11,14,0,0
Iosco,2017,12,15,0,0
Iosco,2018,1,16,0,0
Iosco,2018,2,17,0,0
Iosco,2018,3,18,0,0
Iosco,2018,4,19,0,0
Iosco,2018,5,20,0,0
Iosco,2018,6,21,0,0
Iosco,2018,7,22,0,0
Iosco,2018,8,23,0,0
Iosco,2018,9,24,0,0
Iosco,2018,10,25,0,0
Iosco,2018,11,26,0,0
Iosco,2018,12,27,0,0
Iosco,2019,1,28,0,0
Iosco,2019,2,29,0,0
Iosco,2019,3,30,0,0
Iosco,2019,4,31,0,0
Iosco,2019,5,32,0,0
Iosco,2019,6,33,0,0
Iosco,2019,7,34,0,0
Iosco,2019,8,35,0,0
Iosco,2019,9,36,0,0
Iosco,2019,10,37,0,0
Iosco,2019,11,38,0,0
Iosco,2019,12,39,0,0
Iron,2016,10,1,0,0
Iron,2016,11,2,0,0
Iron,2016,12,3,0,0
Iron,2017,1,4,0,0
Iron,2017,2,5,0,0
Iron,2017,3,6,0,0
Iron,2017,4,7,0,0
Iron,2017,5,8,0,0
Iron,2017,6,9,0,0
Iron,2017,7,10,0,0
Iron,2017,8,11,0,0
Iron,2017,9,12,0,0
Iron,2017,10,13,0,0
Iron,2017,11,14,0,0
Iron,2017,12,15,0,0
Iron,2018,1,16,0,0
Iron,2018,2,17,0,0
Iron,2018,3,18,0,0
Iron,2018,4,19,0,0
Iron,2018,5,20,0,0
Iron,2018,6,21,0,0
Iron,2018,7,22,0,0
Iron,2018,8,23,0,0
Iron,2018,9,24,0,0
Iron,2018,10,25,0,0
Iron,2018,11,26,0,0
Iron,2018,12,27,0,0
Iron,2019,1,28,0,0
Iron,2019,2,29,0,0
Iron,2019,3,30,0,0
Iron,2019,4,31,0,0
Iron,2019,5,32,0,0
Iron,2019,6,33,0,0
Iron,2019,7,34,0,0
Iron,2019,8,35,0,0
Iron,2019,9,36,0,0
Iron,2019,10,37,0,0
Iron,2019,11,38,0,0
Iron,2019,12,39,0,0
Isabella,2016,10,1,0,0
Isabella,2016,11,2,0,0
Isabella,2016,12,3,0,0
Isabella,2017,1,4,0,0
Isabella,2017,2,5,0,0
Isabella,2017,3,6,0,0
Isabella,2017,4,7,0,0
Isabella,2017,5,8,0,0
Isabella,2017,6,9,0,0
Isabella,2017,7,10,0,0
Isabella,2017,8,11,0,0
Isabella,2017,9,12,0,0
Isabella,2017,10,13,0,0
Isabella,2017,11,14,0,0
Isabella,2017,12,15,0,0
Isabella,2018,1,16,0,0
Isabella,2018,2,17,0,0
Isabella,2018,3,18,0,0
Isabella,2018,4,19,0,0
Isabella,2018,5,20,0,0
Isabella,2018,6,21,0,0
Isabella,2018,7,22,0,0
Isabella,2018,8,23,0,0
Isabella,2018,9,24,0,0
Isabella,2018,10,25,0,0
Isabella,2018,11,26,0,0
Isabella,2018,12,27,0,0
Isabella,2019,1,28,0,0
Isabella,2019,2,29,0,0
Isabella,2019,3,30,0,0
Isabella,2019,4,31,0,0
Isabella,2019,5,32,0,0
Isabella,2019,6,33,0,0
Isabella,2019,7,34,0,0
Isabella,2019,8,35,0,0
Isabella,2019,9,36,0,0
Isabella,2019,10,37,0,0
Isabella,2019,11,38,0,0
Isabella,2019,12,39,0,0
Jackson,2016,10,1,0,0
Jackson,2016,11,2,0,0
Jackson,2016,12,3,0,0
Jackson,2017,1,4,0,0
Jackson,2017,2,5,0,0
Jackson,2017,3,6,0,0
Jackson,2017,4,7,0,0
Jackson,2017,5,8,0,0
Jackson,2017,6,9,0,0
Jackson,2017,7,10,0,0
Jackson,2017,8,11,0,0
Jackson,2017,9,12,0,0
Jackson,2017,10,13,0,0
Jackson,2017,11,14,0,0
Jackson,2017,12,15,0,0
Jackson,2018,1,16,0,0
Jackson,2018,2,17,0,0
Jackson,2018,3,18,0,0
Jackson,2018,4,19,0,0
Jackson,2018,5,20,0,0
Jackson,2018,6,21,0,0
Jackson,2018,7,22,0,0
Jackson,2018,8,23,0,0
Jackson,2018,9,24,0,0
Jackson,2018,10,25,0,0
Jackson,2018,11,26,0,0
Jackson,2018,12,27,0,0
Jackson,2019,1,28,0,0
Jackson,2019,2,29,0,0
Jackson,2019,3,30,0,0
Jackson,2019,4,31,0,0
Jackson,2019,5,32,0,0
Jackson,2019,6,33,0,0
Jackson,2019,7,34,0,0
Jackson,2019,8,35,0,0
Jackson,2019,9,36,0,0
Jackson,2019,10,37,0,0
Jackson,2019,11,38,0,0
Jackson,2019,12,39,0,0
Kalamazoo,2016,10,1,0,16
Kalamazoo,2016,11,2,0,16
Kalamazoo,2016,12,3,0,16
Kalamazoo,2017,1,4,0,16
Kalamazoo,2017,2,5,0,16
Kalamazoo,2017,3,6,0,16
Kalamazoo,2017,4,7,0,16
Kalamazoo,2017,5,8,0,16
Kalamazoo,2017,6,9,0,16
Kalamazoo,2017,7,10,0,16
Kalamazoo,2017,8,11,0,16
Kalamazoo,2017,9,12,0,16
Kalamazoo,2017,10,13,0,16
Kalamazoo,2017,11,14,0,16
Kalamazoo,2017,12,15,0,16
Kalamazoo,2018,1,16,1,16
Kalamazoo,2018,2,17,1,16
Kalamazoo,2018,3,18,1,16
Kalamazoo,2018,4,19,1,16
Kalamazoo,2018,5,20,1,16
Kalamazoo,2018,6,21,1,16
Kalamazoo,2018,7,22,1,16
Kalamazoo,2018,8,23,1,16
Kalamazoo,2018,9,24,1,16
Kalamazoo,2018,10,25,1,16
Kalamazoo,2018,11,26,1,16
Kalamazoo,2018,12,27,1,16
Kalamazoo,2019,1,28,1,16
Kalamazoo,2019,2,29,1,16
Kalamazoo,2019,3,30,1,16
Kalamazoo,2019,4,31,1,16
Kalamazoo,2019,5,32,1,16
Kalamazoo,2019,6,33,1,16
Kalamazoo,2019,7,34,1,16
Kalamazoo,2019,8,35,1,16
Kalamazoo,2019,9,36,1,16
Kalamazoo,2019,10,37,1,16
Kalamazoo,2019,11,38,1,16
Kalamazoo,2019,12,39,1,16
Kalkaska,2016,10,1,0,0
Kalkaska,2016,11,2,0,0
Kalkaska,2016,12,3,0,0
Kalkaska,2017,1,4,0,0
Kalkaska,2017,2,5,0,0
Kalkaska,2017,3,6,0,0
Kalkaska,2017,4,7,0,0
Kalkaska,2017,5,8,0,0
Kalkaska,2017,6,9,0,0
Kalkaska,2017,7,10,0,0
Kalkaska,2017,8,11,0,0
Kalkaska,2017,9,12,0,0
Kalkaska,2017,10,13,0,0
Kalkaska,2017,11,14,0,0
Kalkaska,2017,12,15,0,0
Kalkaska,2018,1,16,0,0
Kalkaska,2018,2,17,0,0
Kalkaska,2018,3,18,0,0
Kalkaska,2018,4,19,0,0
Kalkaska,2018,5,20,0,0
Kalkaska,2018,6,21,0,0
Kalkaska,2018,7,22,0,0
Kalkaska,2018,8,23,0,0
Kalkaska,2018,9,24,0,0
Kalkaska,2018,10,25,0,0
Kalkaska,2018,11,26,0,0
Kalkaska,2018,12,27,0,0
Kalkaska,2019,1,28,0,0
Kalkaska,2019,2,29,0,0
Kalkaska,2019,3,30,0,0
Kalkaska,2019,4,31,0,0
Kalkaska,2019,5,32,0,0
Kalkaska,2019,6,33,0,0
Kalkaska,2019,7,34,0,0
Kalkaska,2019,8,35,0,0
Kalkaska,2019,9,36,0,0
Kalkaska,2019,10,37,0,0
Kalkaska,2019,11,38,0,0
Kalkaska,2019,12,39,0,0
Kent,2016,10,1,1,1
Kent,2016,11,2,1,1
Kent,2016,12,3,1,1
Kent,2017,1,4,1,1
Kent,2017,2,5,1,1
Kent,2017,3,6,1,1
Kent,2017,4,7,1,1
Kent,2017,5,8,1,1
Kent,2017,6,9,1,1
Kent,2017,7,10,1,1
Kent,2017,8,11,1,1
Kent,2017,9,12,1,1
Kent,2017,10,13,1,1
Kent,2017,11,14,1,1
Kent,2017,12,15,1,1
Kent,2018,1,16,1,1
Kent,2018,2,17,1,1
Kent,2018,3,18,1,1
Kent,2018,4,19,1,1
Kent,2018,5,20,1,1
Kent,2018,6,21,1,1
Kent,2018,7,22,1,1
Kent,2018,8,23,1,1
Kent,2018,9,24,1,1
Kent,2018,10,25,1,1
Kent,2018,11,26,1,1
Kent,2018,12,27,1,1
Kent,2019,1,28,1,1
Kent,2019,2,29,1,1
Kent,2019,3,30,1,1
Kent,2019,4,31,1,1
Kent,2019,5,32,1,1
Kent,2019,6,33,1,1
Kent,2019,7,34,1,1
Kent,2019,8,35,1,1
Kent,2019,9,36,1,1
Kent,2019,10,37,1,1
Kent,2019,11,38,1,1
Kent,2019,12,39,1,1
Keweenaw,2016,10,1,0,0
Keweenaw,2016,11,2,0,0
Keweenaw,2016,12,3,0,0
Keweenaw,2017,1,4,0,0
Keweenaw,2017,2,5,0,0
Keweenaw,2017,3,6,0,0
Keweenaw,2017,4,7,0,0
Keweenaw,2017,5,8,0,0
Keweenaw,2017,6,9,0,0
Keweenaw,2017,7,10,0,0
Keweenaw,2017,8,11,0,0
Keweenaw,2017,9,12,0,0
Keweenaw,2017,10,13,0,0
Keweenaw,2017,11,14,0,0
Keweenaw,2017,12,15,0,0
Keweenaw,2018,1,16,0,0
Keweenaw,2018,2,17,0,0
Keweenaw,2018,3,18,0,0
Keweenaw,2018,4,19,0,0
Keweenaw,2018,5,20,0,0
Keweenaw,2018,6,21,0,0
Keweenaw,2018,7,22,0,0
Keweenaw,2018,8,23,0,0
Keweenaw,2018,9,24,0,0
Keweenaw,2018,10,25,0,0
Keweenaw,2018,11,26,0,0
Keweenaw,2018,12,27,0,0
Keweenaw,2019,1,28,0,0
Keweenaw,2019,2,29,0,0
Keweenaw,2019,3,30,0,0
Keweenaw,2019,4,31,0,0
Keweenaw,2019,5,32,0,0
Keweenaw,2019,6,33,0,0
Keweenaw,2019,7,34,0,0
Keweenaw,2019,8,35,0,0
Keweenaw,2019,9,36,0,0
Keweenaw,2019,10,37,0,0
Keweenaw,2019,11,38,0,0
Keweenaw,2019,12,39,0,0
Lake,2016,10,1,0,0
Lake,2016,11,2,0,0
Lake,2016,12,3,0,0
Lake,2017,1,4,0,0
Lake,2017,2,5,0,0
Lake,2017,3,6,0,0
Lake,2017,4,7,0,0
Lake,2017,5,8,0,0
Lake,2017,6,9,0,0
Lake,2017,7,10,0,0
Lake,2017,8,11,0,0
Lake,2017,9,12,0,0
Lake,2017,10,13,0,0
Lake,2017,11,14,0,0
Lake,2017,12,15,0,0
Lake,2018,1,16,0,0
Lake,2018,2,17,0,0
Lake,2018,3,18,0,0
Lake,2018,4,19,0,0
Lake,2018,5,20,0,0
Lake,2018,6,21,0,0
Lake,2018,7,22,0,0
Lake,2018,8,23,0,0
Lake,2018,9,24,0,0
Lake,2018,10,25,0,0
Lake,2018,11,26,0,0
Lake,2018,12,27,0,0
Lake,2019,1,28,0,0
Lake,2019,2,29,0,0
Lake,2019,3,30,0,0
Lake,2019,4,31,0,0
Lake,2019,5,32,0,0
Lake,2019,6,33,0,0
Lake,2019,7,34,0,0
Lake,2019,8,35,0,0
Lake,2019,9,36,0,0
Lake,2019,10,37,0,0
Lake,2019,11,38,0,0
Lake,2019,12,39,0,0
Lapeer,2016,10,1,0,0
Lapeer,2016,11,2,0,0
Lapeer,2016,12,3,0,0
Lapeer,2017,1,4,0,0
Lapeer,2017,2,5,0,0
Lapeer,2017,3,6,0,0
Lapeer,2017,4,7,0,0
Lapeer,2017,5,8,0,0
Lapeer,2017,6,9,0,0
Lapeer,2017,7,10,0,0
Lapeer,2017,8,11,0,0
Lapeer,2017,9,12,0,0
Lapeer,2017,10,13,0,0
Lapeer,2017,11,14,0,0
Lapeer,2017,12,15,0,0
Lapeer,2018,1,16,0,0
Lapeer,2018,2,17,0,0
Lapeer,2018,3,18,0,0
Lapeer,2018,4,19,0,0
Lapeer,2018,5,20,0,0
Lapeer,2018,6,21,0,0
Lapeer,2018,7,22,0,0
Lapeer,2018,8,23,0,0
Lapeer,2018,9,24,0,0
Lapeer,2018,10,25,0,0
Lapeer,2018,11,26,0,0
Lapeer,2018,12,27,0,0
Lapeer,2019,1,28,0,0
Lapeer,2019,2,29,0,0
Lapeer,2019,3,30,0,0
Lapeer,2019,4,31,0,0
Lapeer,2019,5,32,0,0
Lapeer,2019,6,33,0,0
Lapeer,2019,7,34,0,0
Lapeer,2019,8,35,0,0
Lapeer,2019,9,36,0,0
Lapeer,2019,10,37,0,0
Lapeer,2019,11,38,0,0
Lapeer,2019,12,39,0,0
Leelanau,2016,10,1,0,0
Leelanau,2016,11,2,0,0
Leelanau,2016,12,3,0,0
Leelanau,2017,1,4,0,0
Leelanau,2017,2,5,0,0
Leelanau,2017,3,6,0,0
Leelanau,2017,4,7,0,0
Leelanau,2017,5,8,0,0
Leelanau,2017,6,9,0,0
Leelanau,2017,7,10,0,0
Leelanau,2017,8,11,0,0
Leelanau,2017,9,12,0,0
Leelanau,2017,10,13,0,0
Leelanau,2017,11,14,0,0
Leelanau,2017,12,15,0,0
Leelanau,2018,1,16,0,0
Leelanau,2018,2,17,0,0
Leelanau,2018,3,18,0,0
Leelanau,2018,4,19,0,0
Leelanau,2018,5,20,0,0
Leelanau,2018,6,21,0,0
Leelanau,2018,7,22,0,0
Leelanau,2018,8,23,0,0
Leelanau,2018,9,24,0,0
Leelanau,2018,10,25,0,0
Leelanau,2018,11,26,0,0
Leelanau,2018,12,27,0,0
Leelanau,2019,1,28,0,0
Leelanau,2019,2,29,0,0
Leelanau,2019,3,30,0,0
Leelanau,2019,4,31,0,0
Leelanau,2019,5,32,0,0
Leelanau,2019,6,33,0,0
Leelanau,2019,7,34,0,0
Leelanau,2019,8,35,0,0
Leelanau,2019,9,36,0,0
Leelanau,2019,10,37,0,0
Leelanau,2019,11,38,0,0
Leelanau,2019,12,39,0,0
Lenawee,2016,10,1,0,0
Lenawee,2016,11,2,0,0
Lenawee,2016,12,3,0,0
Lenawee,2017,1,4,0,0
Lenawee,2017,2,5,0,0
Lenawee,2017,3,6,0,0
Lenawee,2017,4,7,0,0
Lenawee,2017,5,8,0,0
Lenawee,2017,6,9,0,0
Lenawee,2017,7,10,0,0
Lenawee,2017,8,11,0,0
Lenawee,2017,9,12,0,0
Lenawee,2017,10,13,0,0
Lenawee,2017,11,14,0,0
Lenawee,2017,12,15,0,0
Lenawee,2018,1,16,0,0
Lenawee,2018,2,17,0,0
Lenawee,2018,3,18,0,0
Lenawee,2018,4,19,0,0
Lenawee,2018,5,20,0,0
Lenawee,2018,6,21,0,0
Lenawee,2018,7,22,0,0
Lenawee,2018,8,23,0,0
Lenawee,2018,9,24,0,0
Lenawee,2018,10,25,0,0
Lenawee,2018,11,26,0,0
Lenawee,2018,12,27,0,0
Lenawee,2019,1,28,0,0
Lenawee,2019,2,29,0,0
Lenawee,2019,3,30,0,0
Lenawee,2019,4,31,0,0
Lenawee,2019,5,32,0,0
Lenawee,2019,6,33,0,0
Lenawee,2019,7,34,0,0
Lenawee,2019,8,35,0,0
Lenawee,2019,9,36,0,0
Lenawee,2019,10,37,0,0
Lenawee,2019,11,38,0,0
Lenawee,2019,12,39,0,0
Livingston,2016,10,1,0,16
Livingston,2016,11,2,0,16
Livingston,2016,12,3,0,16
Livingston,2017,1,4,0,16
Livingston,2017,2,5,0,16
Livingston,2017,3,6,0,16
Livingston,2017,4,7,0,16
Livingston,2017,5,8,0,16
Livingston,2017,6,9,0,16
Livingston,2017,7,10,0,16
Livingston,2017,8,11,0,16
Livingston,2017,9,12,0,16
Livingston,2017,10,13,0,16
Livingston,2017,11,14,0,16
Livingston,2017,12,15,0,16
Livingston,2018,1,16,1,16
Livingston,2018,2,17,1,16
Livingston,2018,3,18,1,16
Livingston,2018,4,19,1,16
Livingston,2018,5,20,1,16
Livingston,2018,6,21,1,16
Livingston,2018,7,22,1,16
Livingston,2018,8,23,1,16
Livingston,2018,9,24,1,16
Livingston,2018,10,25,1,16
Livingston,2018,11,26,1,16
Livingston,2018,12,27,1,16
Livingston,2019,1,28,1,16
Livingston,2019,2,29,1,16
Livingston,2019,3,30,1,16
Livingston,2019,4,31,1,16
Livingston,2019,5,32,1,16
Livingston,2019,6,33,1,16
Livingston,2019,7,34,1,16
Livingston,2019,8,35,1,16
Livingston,2019,9,36,1,16
Livingston,2019,10,37,1,16
Livingston,2019,11,38,1,16
Livingston,2019,12,39,1,16
Luce,2016,10,1,0,0
Luce,2016,11,2,0,0
Luce,2016,12,3,0,0
Luce,2017,1,4,0,0
Luce,2017,2,5,0,0
Luce,2017,3,6,0,0
Luce,2017,4,7,0,0
Luce,2017,5,8,0,0
Luce,2017,6,9,0,0
Luce,2017,7,10,0,0
Luce,2017,8,11,0,0
Luce,2017,9,12,0,0
Luce,2017,10,13,0,0
Luce,2017,11,14,0,0
Luce,2017,12,15,0,0
Luce,2018,1,16,0,0
Luce,2018,2,17,0,0
Luce,2018,3,18,0,0
Luce,2018,4,19,0,0
Luce,2018,5,20,0,0
Luce,2018,6,21,0,0
Luce,2018,7,22,0,0
Luce,2018,8,23,0,0
Luce,2018,9,24,0,0
Luce,2018,10,25,0,0
Luce,2018,11,26,0,0
Luce,2018,12,27,0,0
Luce,2019,1,28,0,0
Luce,2019,2,29,0,0
Luce,2019,3,30,0,0
Luce,2019,4,31,0,0
Luce,2019,5,32,0,0
Luce,2019,6,33,0,0
Luce,2019,7,34,0,0
Luce,2019,8,35,0,0
Luce,2019,9,36,0,0
Luce,2019,10,37,0,0
Luce,2019,11,38,0,0
Luce,2019,12,39,0,0
Mackinac,2016,10,1,0,0
Mackinac,2016,11,2,0,0
Mackinac,2016,12,3,0,0
Mackinac,2017,1,4,0,0
Mackinac,2017,2,5,0,0
Mackinac,2017,3,6,0,0
Mackinac,2017,4,7,0,0
Mackinac,2017,5,8,0,0
Mackinac,2017,6,9,0,0
Mackinac,2017,7,10,0,0
Mackinac,2017,8,11,0,0
Mackinac,2017,9,12,0,0
Mackinac,2017,10,13,0,0
Mackinac,2017,11,14,0,0
Mackinac,2017,12,15,0,0
Mackinac,2018,1,16,0,0
Mackinac,2018,2,17,0,0
Mackinac,2018,3,18,0,0
Mackinac,2018,4,19,0,0
Mackinac,2018,5,20,0,0
Mackinac,2018,6,21,0,0
Mackinac,2018,7,22,0,0
Mackinac,2018,8,23,0,0
Mackinac,2018,9,24,0,0
Mackinac,2018,10,25,0,0
Mackinac,2018,11,26,0,0
Mackinac,2018,12,27,0,0
Mackinac,2019,1,28,0,0
Mackinac,2019,2,29,0,0
Mackinac,2019,3,30,0,0
Mackinac,2019,4,31,0,0
Mackinac,2019,5,32,0,0
Mackinac,2019,6,33,0,0
Mackinac,2019,7,34,0,0
Mackinac,2019,8,35,0,0
Mackinac,2019,9,36,0,0
Mackinac,2019,10,37,0,0
Mackinac,2019,11,38,0,0
Mackinac,2019,12,39,0,0
Macomb,2016,10,1,0,0
Macomb,2016,11,2,0,0
Macomb,2016,12,3,0,0
Macomb,2017,1,4,0,0
Macomb,2017,2,5,0,0
Macomb,2017,3,6,0,0
Macomb,2017,4,7,0,0
Macomb,2017,5,8,0,0
Macomb,2017,6,9,0,0
Macomb,2017,7,10,0,0
Macomb,2017,8,11,0,0
Macomb,2017,9,12,0,0
Macomb,2017,10,13,0,0
Macomb,2017,11,14,0,0
Macomb,2017,12,15,0,0
Macomb,2018,1,16,0,0
Macomb,2018,2,17,0,0
Macomb,2018,3,18,0,0
Macomb,2018,4,19,0,0
Macomb,2018,5,20,0,0
Macomb,2018,6,21,0,0
Macomb,2018,7,22,0,0
Macomb,2018,8,23,0,0
Macomb,2018,9,24,0,0
Macomb,2018,10,25,0,0
Macomb,2018,11,26,0,0
Macomb,2018,12,27,0,0
Macomb,2019,1,28,0,0
Macomb,2019,2,29,0,0
Macomb,2019,3,30,0,0
Macomb,2019,4,31,0,0
Macomb,2019,5,32,0,0
Macomb,2019,6,33,0,0
Macomb,2019,7,34,0,0
Macomb,2019,8,35,0,0
Macomb,2019,9,36,0,0
Macomb,2019,10,37,0,0
Macomb,2019,11,38,0,0
Macomb,2019,12,39,0,0
Manistee,2016,10,1,0,0
Manistee,2016,11,2,0,0
Manistee,2016,12,3,0,0
Manistee,2017,1,4,0,0
Manistee,2017,2,5,0,0
Manistee,2017,3,6,0,0
Manistee,2017,4,7,0,0
Manistee,2017,5,8,0,0
Manistee,2017,6,9,0,0
Manistee,2017,7,10,0,0
Manistee,2017,8,11,0,0
Manistee,2017,9,12,0,0
Manistee,2017,10,13,0,0
Manistee,2017,11,14,0,0
Manistee,2017,12,15,0,0
Manistee,2018,1,16,0,0
Manistee,2018,2,17,0,0
Manistee,2018,3,18,0,0
Manistee,2018,4,19,0,0
Manistee,2018,5,20,0,0
Manistee,2018,6,21,0,0
Manistee,2018,7,22,0,0
Manistee,2018,8,23,0,0
Manistee,2018,9,24,0,0
Manistee,2018,10,25,0,0
Manistee,2018,11,26,0,0
Manistee,2018,12,27,0,0
Manistee,2019,1,28,0,0
Manistee,2019,2,29,0,0
Manistee,2019,3,30,0,0
Manistee,2019,4,31,0,0
Manistee,2019,5,32,0,0
Manistee,2019,6,33,0,0
Manistee,2019,7,34,0,0
Manistee,2019,8,35,0,0
Manistee,2019,9,36,0,0
Manistee,2019,10,37,0,0
Manistee,2019,11,38,0,0
Manistee,2019,12,39,0,0
Marquette,2016,10,1,0,0
Marquette,2016,11,2,0,0
Marquette,2016,12,3,0,0
Marquette,2017,1,4,0,0
Marquette,2017,2,5,0,0
Marquette,2017,3,6,0,0
Marquette,2017,4,7,0,0
Marquette,2017,5,8,0,0
Marquette,2017,6,9,0,0
Marquette,2017,7,10,0,0
Marquette,2017,8,11,0,0
Marquette,2017,9,12,0,0
Marquette,2017,10,13,0,0
Marquette,2017,11,14,0,0
Marquette,2017,12,15,0,0
Marquette,2018,1,16,0,0
Marquette,2018,2,17,0,0
Marquette,2018,3,18,0,0
Marquette,2018,4,19,0,0
Marquette,2018,5,20,0,0
Marquette,2018,6,21,0,0
Marquette,2018,7,22,0,0
Marquette,2018,8,23,0,0
Marquette,2018,9,24,0,0
Marquette,2018,10,25,0,0
Marquette,2018,11,26,0,0
Marquette,2018,12,27,0,0
Marquette,2019,1,28,0,0
Marquette,2019,2,29,0,0
Marquette,2019,3,30,0,0
Marquette,2019,4,31,0,0
Marquette,2019,5,32,0,0
Marquette,2019,6,33,0,0
Marquette,2019,7,34,0,0
Marquette,2019,8,35,0,0
Marquette,2019,9,36,0,0
Marquette,2019,10,37,0,0
Marquette,2019,11,38,0,0
Marquette,2019,12,39,0,0
Mason,2016,10,1,0,0
Mason,2016,11,2,0,0
Mason,2016,12,3,0,0
Mason,2017,1,4,0,0
Mason,2017,2,5,0,0
Mason,2017,3,6,0,0
Mason,2017,4,7,0,0
Mason,2017,5,8,0,0
Mason,2017,6,9,0,0
Mason,2017,7,10,0,0
Mason,2017,8,11,0,0
Mason,2017,9,12,0,0
Mason,2017,10,13,0,0
Mason,2017,11,14,0,0
Mason,2017,12,15,0,0
Mason,2018,1,16,0,0
Mason,2018,2,17,0,0
Mason,2018,3,18,0,0
Mason,2018,4,19,0,0
Mason,2018,5,20,0,0
Mason,2018,6,21,0,0
Mason,2018,7,22,0,0
Mason,2018,8,23,0,0
Mason,2018,9,24,0,0
Mason,2018,10,25,0,0
Mason,2018,11,26,0,0
Mason,2018,12,27,0,0
Mason,2019,1,28,0,0
Mason,2019,2,29,0,0
Mason,2019,3,30,0,0
Mason,2019,4,31,0,0
Mason,2019,5,32,0,0
Mason,2019,6,33,0,0
Mason,2019,7,34,0,0
Mason,2019,8,35,0,0
Mason,2019,9,36,0,0
Mason,2019,10,37,0,0
Mason,2019,11,38,0,0
Mason,2019,12,39,0,0
Mecosta,2016,10,1,0,0
Mecosta,2016,11,2,0,0
Mecosta,2016,12,3,0,0
Mecosta,2017,1,4,0,0
Mecosta,2017,2,5,0,0
Mecosta,2017,3,6,0,0
Mecosta,2017,4,7,0,0
Mecosta,2017,5,8,0,0
Mecosta,2017,6,9,0,0
Mecosta,2017,7,10,0,0
Mecosta,2017,8,11,0,0
Mecosta,2017,9,12,0,0
Mecosta,2017,10,13,0,0
Mecosta,2017,11,14,0,0
Mecosta,2017,12,15,0,0
Mecosta,2018,1,16,0,0
Mecosta,2018,2,17,0,0
Mecosta,2018,3,18,0,0
Mecosta,2018,4,19,0,0
Mecosta,2018,5,20,0,0
Mecosta,2018,6,21,0,0
Mecosta,2018,7,22,0,0
Mecosta,2018,8,23,0,0
Mecosta,2018,9,24,0,0
Mecosta,2018,10,25,0,0
Mecosta,2018,11,26,0,0
Mecosta,2018,12,27,0,0
Mecosta,2019,1,28,0,0
Mecosta,2019,2,29,0,0
Mecosta,2019,3,30,0,0
Mecosta,2019,4,31,0,0
Mecosta,2019,5,32,0,0
Mecosta,2019,6,33,0,0
Mecosta,2019,7,34,0,0
Mecosta,2019,8,35,0,0
Mecosta,2019,9,36,0,0
Mecosta,2019,10,37,0,0
Mecosta,2019,11,38,0,0
Mecosta,2019,12,39,0,0
Menominee,2016,10,1,0,0
Menominee,2016,11,2,0,0
Menominee,2016,12,3,0,0
Menominee,2017,1,4,0,0
Menominee,2017,2,5,0,0
Menominee,2017,3,6,0,0
Menominee,2017,4,7,0,0
Menominee,2017,5,8,0,0
Menominee,2017,6,9,0,0
Menominee,2017,7,10,0,0
Menominee,2017,8,11,0,0
Menominee,2017,9,12,0,0
Menominee,2017,10,13,0,0
Menominee,2017,11,14,0,0
Menominee,2017,12,15,0,0
Menominee,2018,1,16,0,0
Menominee,2018,2,17,0,0
Menominee,2018,3,18,0,0
Menominee,2018,4,19,0,0
Menominee,2018,5,20,0,0
Menominee,2018,6,21,0,0
Menominee,2018,7,22,0,0
Menominee,2018,8,23,0,0
Menominee,2018,9,24,0,0
Menominee,2018,10,25,0,0
Menominee,2018,11,26,0,0
Menominee,2018,12,27,0,0
Menominee,2019,1,28,0,0
Menominee,2019,2,29,0,0
Menominee,2019,3,30,0,0
Menominee,2019,4,31,0,0
Menominee,2019,5,32,0,0
Menominee,2019,6,33,0,0
Menominee,2019,7,34,0,0
Menominee,2019,8,35,0,0
Menominee,2019,9,36,0,0
Menominee,2019,10,37,0,0
Menominee,2019,11,38,0,0
Menominee,2019,12,39,0,0
Midland,2016,10,1,0,0
Midland,2016,11,2,0,0
Midland,2016,12,3,0,0
Midland,2017,1,4,0,0
Midland,2017,2,5,0,0
Midland,2017,3,6,0,0
Midland,2017,4,7,0,0
Midland,2017,5,8,0,0
Midland,2017,6,9,0,0
Midland,2017,7,10,0,0
Midland,2017,8,11,0,0
Midland,2017,9,12,0,0
Midland,2017,10,13,0,0
Midland,2017,11,14,0,0
Midland,2017,12,15,0,0
Midland,2018,1,16,0,0
Midland,2018,2,17,0,0
Midland,2018,3,18,0,0
Midland,2018,4,19,0,0
Midland,2018,5,20,0,0
Midland,2018,6,21,0,0
Midland,2018,7,22,0,0
Midland,2018,8,23,0,0
Midland,2018,9,24,0,0
Midland,2018,10,25,0,0
Midland,2018,11,26,0,0
Midland,2018,12,27,0,0
Midland,2019,1,28,0,0
Midland,2019,2,29,0,0
Midland,2019,3,30,0,0
Midland,2019,4,31,0,0
Midland,2019,5,32,0,0
Midland,2019,6,33,0,0
Midland,2019,7,34,0,0
Midland,2019,8,35,0,0
Midland,2019,9,36,0,0
Midland,2019,10,37,0,0
Midland,2019,11,38,0,0
Midland,2019,12,39,0,0
Missaukee,2016,10,1,0,0
Missaukee,2016,11,2,0,0
Missaukee,2016,12,3,0,0
Missaukee,2017,1,4,0,0
Missaukee,2017,2,5,0,0
Missaukee,2017,3,6,0,0
Missaukee,2017,4,7,0,0
Missaukee,2017,5,8,0,0
Missaukee,2017,6,9,0,0
Missaukee,2017,7,10,0,0
Missaukee,2017,8,11,0,0
Missaukee,2017,9,12,0,0
Missaukee,2017,10,13,0,0
Missaukee,2017,11,14,0,0
Missaukee,2017,12,15,0,0
Missaukee,2018,1,16,0,0
Missaukee,2018,2,17,0,0
Missaukee,2018,3,18,0,0
Missaukee,2018,4,19,0,0
Missaukee,2018,5,20,0,0
Missaukee,2018,6,21,0,0
Missaukee,2018,7,22,0,0
Missaukee,2018,8,23,0,0
Missaukee,2018,9,24,0,0
Missaukee,2018,10,25,0,0
Missaukee,2018,11,26,0,0
Missaukee,2018,12,27,0,0
Missaukee,2019,1,28,0,0
Missaukee,2019,2,29,0,0
Missaukee,2019,3,30,0,0
Missaukee,2019,4,31,0,0
Missaukee,2019,5,32,0,0
Missaukee,2019,6,33,0,0
Missaukee,2019,7,34,0,0
Missaukee,2019,8,35,0,0
Missaukee,2019,9,36,0,0
Missaukee,2019,10,37,0,0
Missaukee,2019,11,38,0,0
Missaukee,2019,12,39,0,0
Monroe,2016,10,1,0,0
Monroe,2016,11,2,0,0
Monroe,2016,12,3,0,0
Monroe,2017,1,4,0,0
Monroe,2017,2,5,0,0
Monroe,2017,3,6,0,0
Monroe,2017,4,7,0,0
Monroe,2017,5,8,0,0
Monroe,2017,6,9,0,0
Monroe,2017,7,10,0,0
Monroe,2017,8,11,0,0
Monroe,2017,9,12,0,0
Monroe,2017,10,13,0,0
Monroe,2017,11,14,0,0
Monroe,2017,12,15,0,0
Monroe,2018,1,16,0,0
Monroe,2018,2,17,0,0
Monroe,2018,3,18,0,0
Monroe,2018,4,19,0,0
Monroe,2018,5,20,0,0
Monroe,2018,6,21,0,0
Monroe,2018,7,22,0,0
Monroe,2018,8,23,0,0
Monroe,2018,9,24,0,0
Monroe,2018,10,25,0,0
Monroe,2018,11,26,0,0
Monroe,2018,12,27,0,0
Monroe,2019,1,28,0,0
Monroe,2019,2,29,0,0
Monroe,2019,3,30,0,0
Monroe,2019,4,31,0,0
Monroe,2019,5,32,0,0
Monroe,2019,6,33,0,0
Monroe,2019,7,34,0,0
Monroe,2019,8,35,0,0
Monroe,2019,9,36,0,0
Monroe,2019,10,37,0,0
Monroe,2019,11,38,0,0
Monroe,2019,12,39,0,0
Montcalm,2016,10,1,0,0
Montcalm,2016,11,2,0,0
Montcalm,2016,12,3,0,0
Montcalm,2017,1,4,0,0
Montcalm,2017,2,5,0,0
Montcalm,2017,3,6,0,0
Montcalm,2017,4,7,0,0
Montcalm,2017,5,8,0,0
Montcalm,2017,6,9,0,0
Montcalm,2017,7,10,0,0
Montcalm,2017,8,11,0,0
Montcalm,2017,9,12,0,0
Montcalm,2017,10,13,0,0
Montcalm,2017,11,14,0,0
Montcalm,2017,12,15,0,0
Montcalm,2018,1,16,0,0
Montcalm,2018,2,17,0,0
Montcalm,2018,3,18,0,0
Montcalm,2018,4,19,0,0
Montcalm,2018,5,20,0,0
Montcalm,2018,6,21,0,0
Montcalm,2018,7,22,0,0
Montcalm,2018,8,23,0,0
Montcalm,2018,9,24,0,0
Montcalm,2018,10,25,0,0
Montcalm,2018,11,26,0,0
Montcalm,2018,12,27,0,0
Montcalm,2019,1,28,0,0
Montcalm,2019,2,29,0,0
Montcalm,2019,3,30,0,0
Montcalm,2019,4,31,0,0
Montcalm,2019,5,32,0,0
Montcalm,2019,6,33,0,0
Montcalm,2019,7,34,0,0
Montcalm,2019,8,35,0,0
Montcalm,2019,9,36,0,0
Montcalm,2019,10,37,0,0
Montcalm,2019,11,38,0,0
Montcalm,2019,12,39,0,0
Montmorency,2016,10,1,0,0
Montmorency,2016,11,2,0,0
Montmorency,2016,12,3,0,0
Montmorency,2017,1,4,0,0
Montmorency,2017,2,5,0,0
Montmorency,2017,3,6,0,0
Montmorency,2017,4,7,0,0
Montmorency,2017,5,8,0,0
Montmorency,2017,6,9,0,0
Montmorency,2017,7,10,0,0
Montmorency,2017,8,11,0,0
Montmorency,2017,9,12,0,0
Montmorency,2017,10,13,0,0
Montmorency,2017,11,14,0,0
Montmorency,2017,12,15,0,0
Montmorency,2018,1,16,0,0
Montmorency,2018,2,17,0,0
Montmorency,2018,3,18,0,0
Montmorency,2018,4,19,0,0
Montmorency,2018,5,20,0,0
Montmorency,2018,6,21,0,0
Montmorency,2018,7,22,0,0
Montmorency,2018,8,23,0,0
Montmorency,2018,9,24,0,0
Montmorency,2018,10,25,0,0
Montmorency,2018,11,26,0,0
Montmorency,2018,12,27,0,0
Montmorency,2019,1,28,0,0
Montmorency,2019,2,29,0,0
Montmorency,2019,3,30,0,0
Montmorency,2019,4,31,0,0
Montmorency,2019,5,32,0,0
Montmorency,2019,6,33,0,0
Montmorency,2019,7,34,0,0
Montmorency,2019,8,35,0,0
Montmorency,2019,9,36,0,0
Montmorency,2019,10,37,0,0
Montmorency,2019,11,38,0,0
Montmorency,2019,12,39,0,0
Muskegon,2016,10,1,0,0
Muskegon,2016,11,2,0,0
Muskegon,2016,12,3,0,0
Muskegon,2017,1,4,0,0
Muskegon,2017,2,5,0,0
Muskegon,2017,3,6,0,0
Muskegon,2017,4,7,0,0
Muskegon,2017,5,8,0,0
Muskegon,2017,6,9,0,0
Muskegon,2017,7,10,0,0
Muskegon,2017,8,11,0,0
Muskegon,2017,9,12,0,0
Muskegon,2017,10,13,0,0
Muskegon,2017,11,14,0,0
Muskegon,2017,12,15,0,0
Muskegon,2018,1,16,0,0
Muskegon,2018,2,17,0,0
Muskegon,2018,3,18,0,0
Muskegon,2018,4,19,0,0
Muskegon,2018,5,20,0,0
Muskegon,2018,6,21,0,0
Muskegon,2018,7,22,0,0
Muskegon,2018,8,23,0,0
Muskegon,2018,9,24,0,0
Muskegon,2018,10,25,0,0
Muskegon,2018,11,26,0,0
Muskegon,2018,12,27,0,0
Muskegon,2019,1,28,0,0
Muskegon,2019,2,29,0,0
Muskegon,2019,3,30,0,0
Muskegon,2019,4,31,0,0
Muskegon,2019,5,32,0,0
Muskegon,2019,6,33,0,0
Muskegon,2019,7,34,0,0
Muskegon,2019,8,35,0,0
Muskegon,2019,9,36,0,0
Muskegon,2019,10,37,0,0
Muskegon,2019,11,38,0,0
Muskegon,2019,12,39,0,0
Newaygo,2016,10,1,0,0
Newaygo,2016,11,2,0,0
Newaygo,2016,12,3,0,0
Newaygo,2017,1,4,0,0
Newaygo,2017,2,5,0,0
Newaygo,2017,3,6,0,0
Newaygo,2017,4,7,0,0
Newaygo,2017,5,8,0,0
Newaygo,2017,6,9,0,0
Newaygo,2017,7,10,0,0
Newaygo,2017,8,11,0,0
Newaygo,2017,9,12,0,0
Newaygo,2017,10,13,0,0
Newaygo,2017,11,14,0,0
Newaygo,2017,12,15,0,0
Newaygo,2018,1,16,0,0
Newaygo,2018,2,17,0,0
Newaygo,2018,3,18,0,0
Newaygo,2018,4,19,0,0
Newaygo,2018,5,20,0,0
Newaygo,2018,6,21,0,0
Newaygo,2018,7,22,0,0
Newaygo,2018,8,23,0,0
Newaygo,2018,9,24,0,0
Newaygo,2018,10,25,0,0
Newaygo,2018,11,26,0,0
Newaygo,2018,12,27,0,0
Newaygo,2019,1,28,0,0
Newaygo,2019,2,29,0,0
Newaygo,2019,3,30,0,0
Newaygo,2019,4,31,0,0
Newaygo,2019,5,32,0,0
Newaygo,2019,6,33,0,0
Newaygo,2019,7,34,0,0
Newaygo,2019,8,35,0,0
Newaygo,2019,9,36,0,0
Newaygo,2019,10,37,0,0
Newaygo,2019,11,38,0,0
Newaygo,2019,12,39,0,0
Oakland,2016,10,1,1,1
Oakland,2016,11,2,1,1
Oakland,2016,12,3,1,1
Oakland,2017,1,4,1,1
Oakland,2017,2,5,1,1
Oakland,2017,3,6,1,1
Oakland,2017,4,7,1,1
Oakland,2017,5,8,1,1
Oakland,2017,6,9,1,1
Oakland,2017,7,10,1,1
Oakland,2017,8,11,1,1
Oakland,2017,9,12,1,1
Oakland,2017,10,13,1,1
Oakland,2017,11,14,1,1
Oakland,2017,12,15,1,1
Oakland,2018,1,16,1,1
Oakland,2018,2,17,1,1
Oakland,2018,3,18,1,1
Oakland,2018,4,19,1,1
Oakland,2018,5,20,1,1
Oakland,2018,6,21,1,1
Oakland,2018,7,22,1,1
Oakland,2018,8,23,1,1
Oakland,2018,9,24,1,1
Oakland,2018,10,25,1,1
Oakland,2018,11,26,1,1
Oakland,2018,12,27,1,1
Oakland,2019,1,28,1,1
Oakland,2019,2,29,1,1
Oakland,2019,3,30,1,1
Oakland,2019,4,31,1,1
Oakland,2019,5,32,1,1
Oakland,2019,6,33,1,1
Oakland,2019,7,34,1,1
Oakland,2019,8,35,1,1
Oakland,2019,9,36,1,1
Oakland,2019,10,37,1,1
Oakland,2019,11,38,1,1
Oakland,2019,12,39,1,1
Oceana,2016,10,1,0,0
Oceana,2016,11,2,0,0
Oceana,2016,12,3,0,0
Oceana,2017,1,4,0,0
Oceana,2017,2,5,0,0
Oceana,2017,3,6,0,0
Oceana,2017,4,7,0,0
Oceana,2017,5,8,0,0
Oceana,2017,6,9,0,0
Oceana,2017,7,10,0,0
Oceana,2017,8,11,0,0
Oceana,2017,9,12,0,0
Oceana,2017,10,13,0,0
Oceana,2017,11,14,0,0
Oceana,2017,12,15,0,0
Oceana,2018,1,16,0,0
Oceana,2018,2,17,0,0
Oceana,2018,3,18,0,0
Oceana,2018,4,19,0,0
Oceana,2018,5,20,0,0
Oceana,2018,6,21,0,0
Oceana,2018,7,22,0,0
Oceana,2018,8,23,0,0
Oceana,2018,9,24,0,0
Oceana,2018,10,25,0,0
Oceana,2018,11,26,0,0
Oceana,2018,12,27,0,0
Oceana,2019,1,28,0,0
Oceana,2019,2,29,0,0
Oceana,2019,3,30,0,0
Oceana,2019,4,31,0,0
Oceana,2019,5,32,0,0
Oceana,2019,6,33,0,0
Oceana,2019,7,34,0,0
Oceana,2019,8,35,0,0
Oceana,2019,9,36,0,0
Oceana,2019,10,37,0,0
Oceana,2019,11,38,0,0
Oceana,2019,12,39,0,0
Ogemaw,2016,10,1,0,0
Ogemaw,2016,11,2,0,0
Ogemaw,2016,12,3,0,0
Ogemaw,2017,1,4,0,0
Ogemaw,2017,2,5,0,0
Ogemaw,2017,3,6,0,0
Ogemaw,2017,4,7,0,0
Ogemaw,2017,5,8,0,0
Ogemaw,2017,6,9,0,0
Ogemaw,2017,7,10,0,0
Ogemaw,2017,8,11,0,0
Ogemaw,2017,9,12,0,0
Ogemaw,2017,10,13,0,0
Ogemaw,2017,11,14,0,0
Ogemaw,2017,12,15,0,0
Ogemaw,2018,1,16,0,0
Ogemaw,2018,2,17,0,0
Ogemaw,2018,3,18,0,0
Ogemaw,2018,4,19,0,0
Ogemaw,2018,5,20,0,0
Ogemaw,2018,6,21,0,0
Ogemaw,2018,7,22,0,0
Ogemaw,2018,8,23,0,0
Ogemaw,2018,9,24,0,0
Ogemaw,2018,10,25,0,0
Ogemaw,2018,11,26,0,0
Ogemaw,2018,12,27,0,0
Ogemaw,2019,1,28,0,0
Ogemaw,2019,2,29,0,0
Ogemaw,2019,3,30,0,0
Ogemaw,2019,4,31,0,0
Ogemaw,2019,5,32,0,0
Ogemaw,2019,6,33,0,0
Ogemaw,2019,7,34,0,0
Ogemaw,2019,8,35,0,0
Ogemaw,2019,9,36,0,0
Ogemaw,2019,10,37,0,0
Ogemaw,2019,11,38,0,0
Ogemaw,2019,12,39,0,0
Ontonagon,2016,10,1,0,0
Ontonagon,2016,11,2,0,0
Ontonagon,2016,12,3,0,0
Ontonagon,2017,1,4,0,0
Ontonagon,2017,2,5,0,0
Ontonagon,2017,3,6,0,0
Ontonagon,2017,4,7,0,0
Ontonagon,2017,5,8,0,0
Ontonagon,2017,6,9,0,0
Ontonagon,2017,7,10,0,0
Ontonagon,2017,8,11,0,0
Ontonagon,2017,9,12,0,0
Ontonagon,2017,10,13,0,0
Ontonagon,2017,11,14,0,0
Ontonagon,2017,12,15,0,0
Ontonagon,2018,1,16,0,0
Ontonagon,2018,2,17,0,0
Ontonagon,2018,3,18,0,0
Ontonagon,2018,4,19,0,0
Ontonagon,2018,5,20,0,0
Ontonagon,2018,6,21,0,0
Ontonagon,2018,7,22,0,0
Ontonagon,2018,8,23,0,0
Ontonagon,2018,9,24,0,0
Ontonagon,2018,10,25,0,0
Ontonagon,2018,11,26,0,0
Ontonagon,2018,12,27,0,0
Ontonagon,2019,1,28,0,0
Ontonagon,2019,2,29,0,0
Ontonagon,2019,3,30,0,0
Ontonagon,2019,4,31,0,0
Ontonagon,2019,5,32,0,0
Ontonagon,2019,6,33,0,0
Ontonagon,2019,7,34,0,0
Ontonagon,2019,8,35,0,0
Ontonagon,2019,9,36,0,0
Ontonagon,2019,10,37,0,0
Ontonagon,2019,11,38,0,0
Ontonagon,2019,12,39,0,0
Osceola,2016,10,1,0,0
Osceola,2016,11,2,0,0
Osceola,2016,12,3,0,0
Osceola,2017,1,4,0,0
Osceola,2017,2,5,0,0
Osceola,2017,3,6,0,0
Osceola,2017,4,7,0,0
Osceola,2017,5,8,0,0
Osceola,2017,6,9,0,0
Osceola,2017,7,10,0,0
Osceola,2017,8,11,0,0
Osceola,2017,9,12,0,0
Osceola,2017,10,13,0,0
Osceola,2017,11,14,0,0
Osceola,2017,12,15,0,0
Osceola,2018,1,16,0,0
Osceola,2018,2,17,0,0
Osceola,2018,3,18,0,0
Osceola,2018,4,19,0,0
Osceola,2018,5,20,0,0
Osceola,2018,6,21,0,0
Osceola,2018,7,22,0,0
Osceola,2018,8,23,0,0
Osceola,2018,9,24,0,0
Osceola,2018,10,25,0,0
Osceola,2018,11,26,0,0
Osceola,2018,12,27,0,0
Osceola,2019,1,28,0,0
Osceola,2019,2,29,0,0
Osceola,2019,3,30,0,0
Osceola,2019,4,31,0,0
Osceola,2019,5,32,0,0
Osceola,2019,6,33,0,0
Osceola,2019,7,34,0,0
Osceola,2019,8,35,0,0
Osceola,2019,9,36,0,0
Osceola,2019,10,37,0,0
Osceola,2019,11,38,0,0
Osceola,2019,12,39,0,0
Oscoda,2016,10,1,0,0
Oscoda,2016,11,2,0,0
Oscoda,2016,12,3,0,0
Oscoda,2017,1,4,0,0
Oscoda,2017,2,5,0,0
Oscoda,2017,3,6,0,0
Oscoda,2017,4,7,0,0
Oscoda,2017,5,8,0,0
Oscoda,2017,6,9,0,0
Oscoda,2017,7,10,0,0
Oscoda,2017,8,11,0,0
Oscoda,2017,9,12,0,0
Oscoda,2017,10,13,0,0
Oscoda,2017,11,14,0,0
Oscoda,2017,12,15,0,0
Oscoda,2018,1,16,0,0
Oscoda,2018,2,17,0,0
Oscoda,2018,3,18,0,0
Oscoda,2018,4,19,0,0
Oscoda,2018,5,20,0,0
Oscoda,2018,6,21,0,0
Oscoda,2018,7,22,0,0
Oscoda,2018,8,23,0,0
Oscoda,2018,9,24,0,0
Oscoda,2018,10,25,0,0
Oscoda,2018,11,26,0,0
Oscoda,2018,12,27,0,0
Oscoda,2019,1,28,0,0
Oscoda,2019,2,29,0,0
Oscoda,2019,3,30,0,0
Oscoda,2019,4,31,0,0
Oscoda,2019,5,32,0,0
Oscoda,2019,6,33,0,0
Oscoda,2019,7,34,0,0
Oscoda,2019,8,35,0,0
Oscoda,2019,9,36,0,0
Oscoda,2019,10,37,0,0
Oscoda,2019,11,38,0,0
Oscoda,2019,12,39,0,0
Otsego,2016,10,1,0,0
Otsego,2016,11,2,0,0
Otsego,2016,12,3,0,0
Otsego,2017,1,4,0,0
Otsego,2017,2,5,0,0
Otsego,2017,3,6,0,0
Otsego,2017,4,7,0,0
Otsego,2017,5,8,0,0
Otsego,2017,6,9,0,0
Otsego,2017,7,10,0,0
Otsego,2017,8,11,0,0
Otsego,2017,9,12,0,0
Otsego,2017,10,13,0,0
Otsego,2017,11,14,0,0
Otsego,2017,12,15,0,0
Otsego,2018,1,16,0,0
Otsego,2018,2,17,0,0
Otsego,2018,3,18,0,0
Otsego,2018,4,19,0,0
Otsego,2018,5,20,0,0
Otsego,2018,6,21,0,0
Otsego,2018,7,22,0,0
Otsego,2018,8,23,0,0
Otsego,2018,9,24,0,0
Otsego,2018,10,25,0,0
Otsego,2018,11,26,0,0
Otsego,2018,12,27,0,0
Otsego,2019,1,28,0,0
Otsego,2019,2,29,0,0
Otsego,2019,3,30,0,0
Otsego,2019,4,31,0,0
Otsego,2019,5,32,0,0
Otsego,2019,6,33,0,0
Otsego,2019,7,34,0,0
Otsego,2019,8,35,0,0
Otsego,2019,9,36,0,0
Otsego,2019,10,37,0,0
Otsego,2019,11,38,0,0
Otsego,2019,12,39,0,0
Ottawa,2016,10,1,1,1
Ottawa,2016,11,2,1,1
Ottawa,2016,12,3,1,1
Ottawa,2017,1,4,1,1
Ottawa,2017,2,5,1,1
Ottawa,2017,3,6,1,1
Ottawa,2017,4,7,1,1
Ottawa,2017,5,8,1,1
Ottawa,2017,6,9,1,1
Ottawa,2017,7,10,1,1
Ottawa,2017,8,11,1,1
Ottawa,2017,9,12,1,1
Ottawa,2017,10,13,1,1
Ottawa,2017,11,14,1,1
Ottawa,2017,12,15,1,1
Ottawa,2018,1,16,1,1
Ottawa,2018,2,17,1,1
Ottawa,2018,3,18,1,1
Ottawa,2018,4,19,1,1
Ottawa,2018,5,20,1,1
Ottawa,2018,6,21,1,1
Ottawa,2018,7,22,1,1
Ottawa,2018,8,23,1,1
Ottawa,2018,9,24,1,1
Ottawa,2018,10,25,1,1
Ottawa,2018,11,26,1,1
Ottawa,2018,12,27,1,1
Ottawa,2019,1,28,1,1
Ottawa,2019,2,29,1,1
Ottawa,2019,3,30,1,1
Ottawa,2019,4,31,1,1
Ottawa,2019,5,32,1,1
Ottawa,2019,6,33,1,1
Ottawa,2019,7,34,1,1
Ottawa,2019,8,35,1,1
Ottawa,2019,9,36,1,1
Ottawa,2019,10,37,1,1
Ottawa,2019,11,38,1,1
Ottawa,2019,12,39,1,1
Presque Isle,2016,10,1,0,0
Presque Isle,2016,11,2,0,0
Presque Isle,2016,12,3,0,0
Presque Isle,2017,1,4,0,0
Presque Isle,2017,2,5,0,0
Presque Isle,2017,3,6,0,0
Presque Isle,2017,4,7,0,0
Presque Isle,2017,5,8,0,0
Presque Isle,2017,6,9,0,0
Presque Isle,2017,7,10,0,0
Presque Isle,2017,8,11,0,0
Presque Isle,2017,9,12,0,0
Presque Isle,2017,10,13,0,0
Presque Isle,2017,11,14,0,0
Presque Isle,2017,12,15,0,0
Presque Isle,2018,1,16,0,0
Presque Isle,2018,2,17,0,0
Presque Isle,2018,3,18,0,0
Presque Isle,2018,4,19,0,0
Presque Isle,2018,5,20,0,0
Presque Isle,2018,6,21,0,0
Presque Isle,2018,7,22,0,0
Presque Isle,2018,8,23,0,0
Presque Isle,2018,9,24,0,0
Presque Isle,2018,10,25,0,0
Presque Isle,2018,11,26,0,0
Presque Isle,2018,12,27,0,0
Presque Isle,2019,1,28,0,0
Presque Isle,2019,2,29,0,0
Presque Isle,2019,3,30,0,0
Presque Isle,2019,4,31,0,0
Presque Isle,2019,5,32,0,0
Presque Isle,2019,6,33,0,0
Presque Isle,2019,7,34,0,0
Presque Isle,2019,8,35,0,0
Presque Isle,2019,9,36,0,0
Presque Isle,2019,10,37,0,0
Presque Isle,2019,11,38,0,0
Presque Isle,2019,12,39,0,0
Roscommon,2016,10,1,0,0
Roscommon,2016,11,2,0,0
Roscommon,2016,12,3,0,0
Roscommon,2017,1,4,0,0
Roscommon,2017,2,5,0,0
Roscommon,2017,3,6,0,0
Roscommon,2017,4,7,0,0
Roscommon,2017,5,8,0,0
Roscommon,2017,6,9,0,0
Roscommon,2017,7,10,0,0
Roscommon,2017,8,11,0,0
Roscommon,2017,9,12,0,0
Roscommon,2017,10,13,0,0
Roscommon,2017,11,14,0,0
Roscommon,2017,12,15,0,0
Roscommon,2018,1,16,0,0
Roscommon,2018,2,17,0,0
Roscommon,2018,3,18,0,0
Roscommon,2018,4,19,0,0
Roscommon,2018,5,20,0,0
Roscommon,2018,6,21,0,0
Roscommon,2018,7,22,0,0
Roscommon,2018,8,23,0,0
Roscommon,2018,9,24,0,0
Roscommon,2018,10,25,0,0
Roscommon,2018,11,26,0,0
Roscommon,2018,12,27,0,0
Roscommon,2019,1,28,0,0
Roscommon,2019,2,29,0,0
Roscommon,2019,3,30,0,0
Roscommon,2019,4,31,0,0
Roscommon,2019,5,32,0,0
Roscommon,2019,6,33,0,0
Roscommon,2019,7,34,0,0
Roscommon,2019,8,35,0,0
Roscommon,2019,9,36,0,0
Roscommon,2019,10,37,0,0
Roscommon,2019,11,38,0,0
Roscommon,2019,12,39,0,0
Saginaw,2016,10,1,0,0
Saginaw,2016,11,2,0,0
Saginaw,2016,12,3,0,0
Saginaw,2017,1,4,0,0
Saginaw,2017,2,5,0,0
Saginaw,2017,3,6,0,0
Saginaw,2017,4,7,0,0
Saginaw,2017,5,8,0,0
Saginaw,2017,6,9,0,0
Saginaw,2017,7,10,0,0
Saginaw,2017,8,11,0,0
Saginaw,2017,9,12,0,0
Saginaw,2017,10,13,0,0
Saginaw,2017,11,14,0,0
Saginaw,2017,12,15,0,0
Saginaw,2018,1,16,0,0
Saginaw,2018,2,17,0,0
Saginaw,2018,3,18,0,0
Saginaw,2018,4,19,0,0
Saginaw,2018,5,20,0,0
Saginaw,2018,6,21,0,0
Saginaw,2018,7,22,0,0
Saginaw,2018,8,23,0,0
Saginaw,2018,9,24,0,0
Saginaw,2018,10,25,0,0
Saginaw,2018,11,26,0,0
Saginaw,2018,12,27,0,0
Saginaw,2019,1,28,0,0
Saginaw,2019,2,29,0,0
Saginaw,2019,3,30,0,0
Saginaw,2019,4,31,0,0
Saginaw,2019,5,32,0,0
Saginaw,2019,6,33,0,0
Saginaw,2019,7,34,0,0
Saginaw,2019,8,35,0,0
Saginaw,2019,9,36,0,0
Saginaw,2019,10,37,0,0
Saginaw,2019,11,38,0,0
Saginaw,2019,12,39,0,0
Sanilac,2016,10,1,0,0
Sanilac,2016,11,2,0,0
Sanilac,2016,12,3,0,0
Sanilac,2017,1,4,0,0
Sanilac,2017,2,5,0,0
Sanilac,2017,3,6,0,0
Sanilac,2017,4,7,0,0
Sanilac,2017,5,8,0,0
Sanilac,2017,6,9,0,0
Sanilac,2017,7,10,0,0
Sanilac,2017,8,11,0,0
Sanilac,2017,9,12,0,0
Sanilac,2017,10,13,0,0
Sanilac,2017,11,14,0,0
Sanilac,2017,12,15,0,0
Sanilac,2018,1,16,0,0
Sanilac,2018,2,17,0,0
Sanilac,2018,3,18,0,0
Sanilac,2018,4,19,0,0
Sanilac,2018,5,20,0,0
Sanilac,2018,6,21,0,0
Sanilac,2018,7,22,0,0
Sanilac,2018,8,23,0,0
Sanilac,2018,9,24,0,0
Sanilac,2018,10,25,0,0
Sanilac,2018,11,26,0,0
Sanilac,2018,12,27,0,0
Sanilac,2019,1,28,0,0
Sanilac,2019,2,29,0,0
Sanilac,2019,3,30,0,0
Sanilac,2019,4,31,0,0
Sanilac,2019,5,32,0,0
Sanilac,2019,6,33,0,0
Sanilac,2019,7,34,0,0
Sanilac,2019,8,35,0,0
Sanilac,2019,9,36,0,0
Sanilac,2019,10,37,0,0
Sanilac,2019,11,38,0,0
Sanilac,2019,12,39,0,0
Schoolcraft,2016,10,1,0,0
Schoolcraft,2016,11,2,0,0
Schoolcraft,2016,12,3,0,0
Schoolcraft,2017,1,4,0,0
Schoolcraft,2017,2,5,0,0
Schoolcraft,2017,3,6,0,0
Schoolcraft,2017,4,7,0,0
Schoolcraft,2017,5,8,0,0
Schoolcraft,2017,6,9,0,0
Schoolcraft,2017,7,10,0,0
Schoolcraft,2017,8,11,0,0
Schoolcraft,2017,9,12,0,0
Schoolcraft,2017,10,13,0,0
Schoolcraft,2017,11,14,0,0
Schoolcraft,2017,12,15,0,0
Schoolcraft,2018,1,16,0,0
Schoolcraft,2018,2,17,0,0
Schoolcraft,2018,3,18,0,0
Schoolcraft,2018,4,19,0,0
Schoolcraft,2018,5,20,0,0
Schoolcraft,2018,6,21,0,0
Schoolcraft,2018,7,22,0,0
Schoolcraft,2018,8,23,0,0
Schoolcraft,2018,9,24,0,0
Schoolcraft,2018,10,25,0,0
Schoolcraft,2018,11,26,0,0
Schoolcraft,2018,12,27,0,0
Schoolcraft,2019,1,28,0,0
Schoolcraft,2019,2,29,0,0
Schoolcraft,2019,3,30,0,0
Schoolcraft,2019,4,31,0,0
Schoolcraft,2019,5,32,0,0
Schoolcraft,2019,6,33,0,0
Schoolcraft,2019,7,34,0,0
Schoolcraft,2019,8,35,0,0
Schoolcraft,2019,9,36,0,0
Schoolcraft,2019,10,37,0,0
Schoolcraft,2019,11,38,0,0
Schoolcraft,2019,12,39,0,0
Shiawassee,2016,10,1,0,0
Shiawassee,2016,11,2,0,0
Shiawassee,2016,12,3,0,0
Shiawassee,2017,1,4,0,0
Shiawassee,2017,2,5,0,0
Shiawassee,2017,3,6,0,0
Shiawassee,2017,4,7,0,0
Shiawassee,2017,5,8,0,0
Shiawassee,2017,6,9,0,0
Shiawassee,2017,7,10,0,0
Shiawassee,2017,8,11,0,0
Shiawassee,2017,9,12,0,0
Shiawassee,2017,10,13,0,0
Shiawassee,2017,11,14,0,0
Shiawassee,2017,12,15,0,0
Shiawassee,2018,1,16,0,0
Shiawassee,2018,2,17,0,0
Shiawassee,2018,3,18,0,0
Shiawassee,2018,4,19,0,0
Shiawassee,2018,5,20,0,0
Shiawassee,2018,6,21,0,0
Shiawassee,2018,7,22,0,0
Shiawassee,2018,8,23,0,0
Shiawassee,2018,9,24,0,0
Shiawassee,2018,10,25,0,0
Shiawassee,2018,11,26,0,0
Shiawassee,2018,12,27,0,0
Shiawassee,2019,1,28,0,0
Shiawassee,2019,2,29,0,0
Shiawassee,2019,3,30,0,0
Shiawassee,2019,4,31,0,0
Shiawassee,2019,5,32,0,0
Shiawassee,2019,6,33,0,0
Shiawassee,2019,7,34,0,0
Shiawassee,2019,8,35,0,0
Shiawassee,2019,9,36,0,0
Shiawassee,2019,10,37,0,0
Shiawassee,2019,11,38,0,0
Shiawassee,2019,12,39,0,0
St. Clair,2016,10,1,0,0
St. Clair,2016,11,2,0,0
St. Clair,2016,12,3,0,0
St. Clair,2017,1,4,0,0
St. Clair,2017,2,5,0,0
St. Clair,2017,3,6,0,0
St. Clair,2017,4,7,0,0
St. Clair,2017,5,8,0,0
St. Clair,2017,6,9,0,0
St. Clair,2017,7,10,0,0
St. Clair,2017,8,11,0,0
St. Clair,2017,9,12,0,0
St. Clair,2017,10,13,0,0
St. Clair,2017,11,14,0,0
St. Clair,2017,12,15,0,0
St. Clair,2018,1,16,0,0
St. Clair,2018,2,17,0,0
St. Clair,2018,3,18,0,0
St. Clair,2018,4,19,0,0
St. Clair,2018,5,20,0,0
St. Clair,2018,6,21,0,0
St. Clair,2018,7,22,0,0
St. Clair,2018,8,23,0,0
St. Clair,2018,9,24,0,0
St. Clair,2018,10,25,0,0
St. Clair,2018,11,26,0,0
St. Clair,2018,12,27,0,0
St. Clair,2019,1,28,0,0
St. Clair,2019,2,29,0,0
St. Clair,2019,3,30,0,0
St. Clair,2019,4,31,0,0
St. Clair,2019,5,32,0,0
St. Clair,2019,6,33,0,0
St. Clair,2019,7,34,0,0
St. Clair,2019,8,35,0,0
St. Clair,2019,9,36,0,0
St. Clair,2019,10,37,0,0
St. Clair,2019,11,38,0,0
St. Clair,2019,12,39,0,0
St. Joseph,2016,10,1,0,0
St. Joseph,2016,11,2,0,0
St. Joseph,2016,12,3,0,0
St. Joseph,2017,1,4,0,0
St. Joseph,2017,2,5,0,0
St. Joseph,2017,3,6,0,0
St. Joseph,2017,4,7,0,0
St. Joseph,2017,5,8,0,0
St. Joseph,2017,6,9,0,0
St. Joseph,2017,7,10,0,0
St. Joseph,2017,8,11,0,0
St. Joseph,2017,9,12,0,0
St. Joseph,2017,10,13,0,0
St. Joseph,2017,11,14,0,0
St. Joseph,2017,12,15,0,0
St. Joseph,2018,1,16,0,0
St. Joseph,2018,2,17,0,0
St. Joseph,2018,3,18,0,0
St. Joseph,2018,4,19,0,0
St. Joseph,2018,5,20,0,0
St. Joseph,2018,6,21,0,0
St. Joseph,2018,7,22,0,0
St. Joseph,2018,8,23,0,0
St. Joseph,2018,9,24,0,0
St. Joseph,2018,10,25,0,0
St. Joseph,2018,11,26,0,0
St. Joseph,2018,12,27,0,0
St. Joseph,2019,1,28,0,0
St. Joseph,2019,2,29,0,0
St. Joseph,2019,3,30,0,0
St. Joseph,2019,4,31,0,0
St. Joseph,2019,5,32,0,0
St. Joseph,2019,6,33,0,0
St. Joseph,2019,7,34,0,0
St. Joseph,2019,8,35,0,0
St. Joseph,2019,9,36,0,0
St. Joseph,2019,10,37,0,0
St. Joseph,2019,11,38,0,0
St. Joseph,2019,12,39,0,0
Tuscola,2016,10,1,0,0
Tuscola,2016,11,2,0,0
Tuscola,2016,12,3,0,0
Tuscola,2017,1,4,0,0
Tuscola,2017,2,5,0,0
Tuscola,2017,3,6,0,0
Tuscola,2017,4,7,0,0
Tuscola,2017,5,8,0,0
Tuscola,2017,6,9,0,0
Tuscola,2017,7,10,0,0
Tuscola,2017,8,11,0,0
Tuscola,2017,9,12,0,0
Tuscola,2017,10,13,0,0
Tuscola,2017,11,14,0,0
Tuscola,2017,12,15,0,0
Tuscola,2018,1,16,0,0
Tuscola,2018,2,17,0,0
Tuscola,2018,3,18,0,0
Tuscola,2018,4,19,0,0
Tuscola,2018,5,20,0,0
Tuscola,2018,6,21,0,0
Tuscola,2018,7,22,0,0
Tuscola,2018,8,23,0,0
Tuscola,2018,9,24,0,0
Tuscola,2018,10,25,0,0
Tuscola,2018,11,26,0,0
Tuscola,2018,12,27,0,0
Tuscola,2019,1,28,0,0
Tuscola,2019,2,29,0,0
Tuscola,2019,3,30,0,0
Tuscola,2019,4,31,0,0
Tuscola,2019,5,32,0,0
Tuscola,2019,6,33,0,0
Tuscola,2019,7,34,0,0
Tuscola,2019,8,35,0,0
Tuscola,2019,9,36,0,0
Tuscola,2019,10,37,0,0
Tuscola,2019,11,38,0,0
Tuscola,2019,12,39,0,0
Van Buren,2016,10,1,0,0
Van Buren,2016,11,2,0,0
Van Buren,2016,12,3,0,0
Van Buren,2017,1,4,0,0
Van Buren,2017,2,5,0,0
Van Buren,2017,3,6,0,0
Van Buren,2017,4,7,0,0
Van Buren,2017,5,8,0,0
Van Buren,2017,6,9,0,0
Van Buren,2017,7,10,0,0
Van Buren,2017,8,11,0,0
Van Buren,2017,9,12,0,0
Van Buren,2017,10,13,0,0
Van Buren,2017,11,14,0,0
Van Buren,2017,12,15,0,0
Van Buren,2018,1,16,0,0
Van Buren,2018,2,17,0,0
Van Buren,2018,3,18,0,0
Van Buren,2018,4,19,0,0
Van Buren,2018,5,20,0,0
Van Buren,2018,6,21,0,0
Van Buren,2018,7,22,0,0
Van Buren,2018,8,23,0,0
Van Buren,2018,9,24,0,0
Van Buren,2018,10,25,0,0
Van Buren,2018,11,26,0,0
Van Buren,2018,12,27,0,0
Van Buren,2019,1,28,0,0
Van Buren,2019,2,29,0,0
Van Buren,2019,3,30,0,0
Van Buren,2019,4,31,0,0
Van Buren,2019,5,32,0,0
Van Buren,2019,6,33,0,0
Van Buren,2019,7,34,0,0
Van Buren,2019,8,35,0,0
Van Buren,2019,9,36,0,0
Van Buren,2019,10,37,0,0
Van Buren,2019,11,38,0,0
Van Buren,2019,12,39,0,0
Washtenaw,2016,10,1,1,1
Washtenaw,2016,11,2,1,1
Washtenaw,2016,12,3,1,1
Washtenaw,2017,1,4,1,1
Washtenaw,2017,2,5,1,1
Washtenaw,2017,3,6,1,1
Washtenaw,2017,4,7,1,1
Washtenaw,2017,5,8,1,1
Washtenaw,2017,6,9,1,1
Washtenaw,2017,7,10,1,1
Washtenaw,2017,8,11,1,1
Washtenaw,2017,9,12,1,1
Washtenaw,2017,10,13,1,1
Washtenaw,2017,11,14,1,1
Washtenaw,2017,12,15,1,1
Washtenaw,2018,1,16,1,1
Washtenaw,2018,2,17,1,1
Washtenaw,2018,3,18,1,1
Washtenaw,2018,4,19,1,1
Washtenaw,2018,5,20,1,1
Washtenaw,2018,6,21,1,1
Washtenaw,2018,7,22,1,1
Washtenaw,2018,8,23,1,1
Washtenaw,2018,9,24,1,1
Washtenaw,2018,10,25,1,1
Washtenaw,2018,11,26,1,1
Washtenaw,2018,12,27,1,1
Washtenaw,2019,1,28,1,1
Washtenaw,2019,2,29,1,1
Washtenaw,2019,3,30,1,1
Washtenaw,2019,4,31,1,1
Washtenaw,2019,5,32,1,1
Washtenaw,2019,6,33,1,1
Washtenaw,2019,7,34,1,1
Washtenaw,2019,8,35,1,1
Washtenaw,2019,9,36,1,1
Washtenaw,2019,10,37,1,1
Washtenaw,2019,11,38,1,1
Washtenaw,2019,12,39,1,1
Wayne,2016,10,1,0,0
Wayne,2016,11,2,0,0
Wayne,2016,12,3,0,0
Wayne,2017,1,4,0,0
Wayne,2017,2,5,0,0
Wayne,2017,3,6,0,0
Wayne,2017,4,7,0,0
Wayne,2017,5,8,0,0
Wayne,2017,6,9,0,0
Wayne,2017,7,10,0,0
Wayne,2017,8,11,0,0
Wayne,2017,9,12,0,0
Wayne,2017,10,13,0,0
Wayne,2017,11,14,0,0
Wayne,2017,12,15,0,0
Wayne,2018,1,16,0,0
Wayne,2018,2,17,0,0
Wayne,2018,3,18,0,0
Wayne,2018,4,19,0,0
Wayne,2018,5,20,0,0
Wayne,2018,6,21,0,0
Wayne,2018,7,22,0,0
Wayne,2018,8,23,0,0
Wayne,2018,9,24,0,0
Wayne,2018,10,25,0,0
Wayne,2018,11,26,0,0
Wayne,2018,12,27,0,0
Wayne,2019,1,28,0,0
Wayne,2019,2,29,0,0
Wayne,2019,3,30,0,0
Wayne,2019,4,31,0,0
Wayne,2019,5,32,0,0
Wayne,2019,6,33,0,0
Wayne,2019,7,34,0,0
Wayne,2019,8,35,0,0
Wayne,2019,9,36,0,0
Wayne,2019,10,37,0,0
Wayne,2019,11,38,0,0
Wayne,2019,12,39,0,0
Wexford,2016,10,1,0,0
Wexford,2016,11,2,0,0
Wexford,2016,12,3,0,0
Wexford,2017,1,4,0,0
Wexford,2017,2,5,0,0
Wexford,2017,3,6,0,0
Wexford,2017,4,7,0,0
Wexford,2017,5,8,0,0
Wexford,2017,6,9,0,0
Wexford,2017,7,10,0,0
Wexford,2017,8,11,0,0
Wexford,2017,9,12,0,0
Wexford,2017,10,13,0,0
Wexford,2017,11,14,0,0
Wexford,2017,12,15,0,0
Wexford,2018,1,16,0,0
Wexford,2018,2,17,0,0
Wexford,2018,3,18,0,0
Wexford,2018,4,19,0,0
Wexford,2018,5,20,0,0
Wexford,2018,6,21,0,0
Wexford,2018,7,22,0,0
Wexford,2018,8,23,0,0
Wexford,2018,9,24,0,0
Wexford,2018,10,25,0,0
Wexford,2018,11,26,0,0
Wexford,2018,12,27,0,0
Wexford,2019,1,28,0,0
Wexford,2019,2,29,0,0
Wexford,2019,3,30,0,0
Wexford,2019,4,31,0,0
Wexford,2019,5,32,0,0
Wexford,2019,6,33,0,0
Wexford,2019,7,34,0,0
Wexford,2019,8,35,0,0
Wexford,2019,9,36,0,0
Wexford,2019,10,37,0,0
Wexford,2019,11,38,0,0
Wexford,2019,12,39,0,0
