county,year,month,t_dense,G,treated
Alcona,2016,10,1,22,0
Alcona,2016,11,2,22,0
Alcona,2016,12,3,22,0
Alcona,2017,1,4,22,0
Alcona,2017,2,5,22,0
Alcona,2017,3,6,22,0
Alcona,2017,4,7,22,0
Alcona,2017,5,8,22,0
Alcona,2017,6,9,22,0
Alcona,2017,7,10,22,0
Alcona,2017,8,11,22,0
Alcona,2017,9,12,22,0
Alcona,2017,10,13,22,0
Alcona,2017,11,14,22,0
Alcona,2017,12,15,22,0
Alcona,2018,1,16,22,0
Alcona,2018,2,17,22,0
Alcona,2018,3,18,22,0
Alcona,2018,4,19,22,0
Alcona,2018,5,20,22,0
Alcona,2018,6,21,22,0
Alcona,2018,7,22,22,1
Alcona,2018,8,23,22,1
Alcona,2018,9,24,22,1
Alcona,2018,10,25,22,1
Alcona,2018,11,26,22,1
Alcona,2018,12,27,22,1
Alcona,2019,1,28,22,1
Alcona,2019,2,29,22,1
Alcona,2019,3,30,22,1
Alcona,2019,4,31,22,1
Alcona,2019,5,32,22,1
Alcona,2019,6,33,22,1
Alcona,2019,7,34,22,1
Alcona,2019,8,35,22,1
Alcona,2019,9,36,22,1
Alcona,2019,10,37,22,1
Alcona,2019,11,38,22,1
Alcona,2019,12,39,22,1
Alger,2016,10,1,22,0
Alger,2016,11,2,22,0
Alger,2016,12,3,22,0
Alger,2017,1,4,22,0
Alger,2017,2,5,22,0
Alger,2017,3,6,22,0
Alger,2017,4,7,22,0
Alger,2017,5,8,22,0
Alger,2017,6,9,22,0
Alger,2017,7,10,22,0
Alger,2017,8,11,22,0
Alger,2017,9,12,22,0
Alger,2017,10,13,22,0
Alger,2017,11,14,22,0
Alger,2017,12,15,22,0
Alger,2018,1,16,22,0
Alger,2018,2,17,22,0
Alger,2018,3,18,22,0
Alger,2018,4,19,22,0
Alger,2018,5,20,22,0
Alger,2018,6,21,22,0
Alger,2018,7,22,22,1
Alger,2018,8,23,22,1
Alger,2018,9,24,22,1
Alger,2018,10,25,22,1
Alger,2018,11,26,22,1
Alger,2018,12,27,22,1
Alger,2019,1,28,22,1
Alger,2019,2,29,22,1
Alger,2019,3,30,22,1
Alger,2019,4,31,22,1
Alger,2019,5,32,22,1
Alger,2019,6,33,22,1
Alger,2019,7,34,22,1
Alger,2019,8,35,22,1
Alger,2019,9,36,22,1
Alger,2019,10,37,22,1
Alger,2019,11,38,22,1
Alger,2019,12,39,22,1
Allegan,2016,10,1,16,0
Allegan,2016,11,2,16,0
Allegan,2016,12,3,16,0
Allegan,2017,1,4,16,0
Allegan,2017,2,5,16,0
Allegan,2017,3,6,16,0
Allegan,2017,4,7,16,0
Allegan,2017,5,8,16,0
Allegan,2017,6,9,16,0
Allegan,2017,7,10,16,0
Allegan,2017,8,11,16,0
Allegan,2017,9,12,16,0
Allegan,2017,10,13,16,0
Allegan,2017,11,14,16,0
Allegan,2017,12,15,16,0
Allegan,2018,1,16,16,1
Allegan,2018,2,17,16,1
Allegan,2018,3,18,16,1
Allegan,2018,4,19,16,1
Allegan,2018,5,20,16,1
Allegan,2018,6,21,16,1
Allegan,2018,7,22,16,1
Allegan,2018,8,23,16,1
Allegan,2018,9,24,16,1
Allegan,2018,10,25,16,1
Allegan,2018,11,26,16,1
Allegan,2018,12,27,16,1
Allegan,2019,1,28,16,1
Allegan,2019,2,29,16,1
Allegan,2019,3,30,16,1
Allegan,2019,4,31,16,1
Allegan,2019,5,32,16,1
Allegan,2019,6,33,16,1
Allegan,2019,7,34,16,1
Allegan,2019,8,35,16,1
Allegan,2019,9,36,16,1
Allegan,2019,10,37,16,1
Allegan,2019,11,38,16,1
Allegan,2019,12,39,16,1
Alpena,2016,10,1,22,0
Alpena,2016,11,2,22,0
Alpena,2016,12,3,22,0
Alpena,2017,1,4,22,0
Alpena,2017,2,5,22,0
Alpena,2017,3,6,22,0
Alpena,2017,4,7,22,0
Alpena,2017,5,8,22,0
Alpena,2017,6,9,22,0
Alpena,2017,7,10,22,0
Alpena,2017,8,11,22,0
Alpena,2017,9,12,22,0
Alpena,2017,10,13,22,0
Alpena,2017,11,14,22,0
Alpena,2017,12,15,22,0
Alpena,2018,1,16,22,0
Alpena,2018,2,17,22,0
Alpena,2018,3,18,22,0
Alpena,2018,4,19,22,0
Alpena,2018,5,20,22,0
Alpena,2018,6,21,22,0
Alpena,2018,7,22,22,1
Alpena,2018,8,23,22,1
Alpena,2018,9,24,22,1
Alpena,2018,10,25,22,1
Alpena,2018,11,26,22,1
Alpena,2018,12,27,22,1
Alpena,2019,1,28,22,1
Alpena,2019,2,29,22,1
Alpena,2019,3,30,22,1
Alpena,2019,4,31,22,1
Alpena,2019,5,32,22,1
Alpena,2019,6,33,22,1
Alpena,2019,7,34,22,1
Alpena,2019,8,35,22,1
Alpena,2019,9,36,22,1
Alpena,2019,10,37,22,1
Alpena,2019,11,38,22,1
Alpena,2019,12,39,22,1
Antrim,2016,10,1,22,0
Antrim,2016,11,2,22,0
Antrim,2016,12,3,22,0
Antrim,2017,1,4,22,0
Antrim,2017,2,5,22,0
Antrim,2017,3,6,22,0
Antrim,2017,4,7,22,0
Antrim,2017,5,8,22,0
Antrim,2017,6,9,22,0
Antrim,2017,7,10,22,0
Antrim,2017,8,11,22,0
Antrim,2017,9,12,22,0
Antrim,2017,10,13,22,0
Antrim,2017,11,14,22,0
Antrim,2017,12,15,22,0
Antrim,2018,1,16,22,0
Antrim,2018,2,17,22,0
Antrim,2018,3,18,22,0
Antrim,2018,4,19,22,0
Antrim,2018,5,20,22,0
Antrim,2018,6,21,22,0
Antrim,2018,7,22,22,1
Antrim,2018,8,23,22,1
Antrim,2018,9,24,22,1
Antrim,2018,10,25,22,1
Antrim,2018,11,26,22,1
Antrim,2018,12,27,22,1
Antrim,2019,1,28,22,1
Antrim,2019,2,29,22,1
Antrim,2019,3,30,22,1
Antrim,2019,4,31,22,1
Antrim,2019,5,32,22,1
Antrim,2019,6,33,22,1
Antrim,2019,7,34,22,1
Antrim,2019,8,35,22,1
Antrim,2019,9,36,22,1
Antrim,2019,10,37,22,1
Antrim,2019,11,38,22,1
Antrim,2019,12,39,22,1
Arenac,2016,10,1,22,0
Arenac,2016,11,2,22,0
Arenac,2016,12,3,22,0
Arenac,2017,1,4,22,0
Arenac,2017,2,5,22,0
Arenac,2017,3,6,22,0
Arenac,2017,4,7,22,0
Arenac,2017,5,8,22,0
Arenac,2017,6,9,22,0
Arenac,2017,7,10,22,0
Arenac,2017,8,11,22,0
Arenac,2017,9,12,22,0
Arenac,2017,10,13,22,0
Arenac,2017,11,14,22,0
Arenac,2017,12,15,22,0
Arenac,2018,1,16,22,0
Arenac,2018,2,17,22,0
Arenac,2018,3,18,22,0
Arenac,2018,4,19,22,0
Arenac,2018,5,20,22,0
Arenac,2018,6,21,22,0
Arenac,2018,7,22,22,1
Arenac,2018,8,23,22,1
Arenac,2018,9,24,22,1
Arenac,2018,10,25,22,1
Arenac,2018,11,26,22,1
Arenac,2018,12,27,22,1
Arenac,2019,1,28,22,1
Arenac,2019,2,29,22,1
Arenac,2019,3,30,22,1
Arenac,2019,4,31,22,1
Arenac,2019,5,32,22,1
Arenac,2019,6,33,22,1
Arenac,2019,7,34,22,1
Arenac,2019,8,35,22,1
Arenac,2019,9,36,22,1
Arenac,2019,10,37,22,1
Arenac,2019,11,38,22,1
Arenac,2019,12,39,22,1
Baraga,2016,10,1,22,0
Baraga,2016,11,2,22,0
Baraga,2016,12,3,22,0
Baraga,2017,1,4,22,0
Baraga,2017,2,5,22,0
Baraga,2017,3,6,22,0
Baraga,2017,4,7,22,0
Baraga,2017,5,8,22,0
Baraga,2017,6,9,22,0
Baraga,2017,7,10,22,0
Baraga,2017,8,11,22,0
Baraga,2017,9,12,22,0
Baraga,2017,10,13,22,0
Baraga,2017,11,14,22,0
Baraga,2017,12,15,22,0
Baraga,2018,1,16,22,0
Baraga,2018,2,17,22,0
Baraga,2018,3,18,22,0
Baraga,2018,4,19,22,0
Baraga,2018,5,20,22,0
Baraga,2018,6,21,22,0
Baraga,2018,7,22,22,1
Baraga,2018,8,23,22,1
Baraga,2018,9,24,22,1
Baraga,2018,10,25,22,1
Baraga,2018,11,26,22,1
Baraga,2018,12,27,22,1
Baraga,2019,1,28,22,1
Baraga,2019,2,29,22,1
Baraga,2019,3,30,22,1
Baraga,2019,4,31,22,1
Baraga,2019,5,32,22,1
Baraga,2019,6,33,22,1
Baraga,2019,7,34,22,1
Baraga,2019,8,35,22,1
Baraga,2019,9,36,22,1
Baraga,2019,10,37,22,1
Baraga,2019,11,38,22,1
Baraga,2019,12,39,22,1
Barry,2016,10,1,16,0
Barry,2016,11,2,16,0
Barry,2016,12,3,16,0
Barry,2017,1,4,16,0
Barry,2017,2,5,16,0
Barry,2017,3,6,16,0
Barry,2017,4,7,16,0
Barry,2017,5,8,16,0
Barry,2017,6,9,16,0
Barry,2017,7,10,16,0
Barry,2017,8,11,16,0
Barry,2017,9,12,16,0
Barry,2017,10,13,16,0
Barry,2017,11,14,16,0
Barry,2017,12,15,16,0
Barry,2018,1,16,16,1
Barry,2018,2,17,16,1
Barry,2018,3,18,16,1
Barry,2018,4,19,16,1
Barry,2018,5,20,16,1
Barry,2018,6,21,16,1
Barry,2018,7,22,16,1
Barry,2018,8,23,16,1
Barry,2018,9,24,16,1
Barry,2018,10,25,16,1
Barry,2018,11,26,16,1
Barry,2018,12,27,16,1
Barry,2019,1,28,16,1
Barry,2019,2,29,16,1
Barry,2019,3,30,16,1
Barry,2019,4,31,16,1
Barry,2019,5,32,16,1
Barry,2019,6,33,16,1
Barry,2019,7,34,16,1
Barry,2019,8,35,16,1
Barry,2019,9,36,16,1
Barry,2019,10,37,16,1
Barry,2019,11,38,16,1
Barry,2019,12,39,16,1
Bay,2016,10,1,22,0
Bay,2016,11,2,22,0
Bay,2016,12,3,22,0
Bay,2017,1,4,22,0
Bay,2017,2,5,22,0
Bay,2017,3,6,22,0
Bay,2017,4,7,22,0
Bay,2017,5,8,22,0
Bay,2017,6,9,22,0
Bay,2017,7,10,22,0
Bay,2017,8,11,22,0
Bay,2017,9,12,22,0
Bay,2017,10,13,22,0
Bay,2017,11,14,22,0
Bay,2017,12,15,22,0
Bay,2018,1,16,22,0
Bay,2018,2,17,22,0
Bay,2018,3,18,22,0
Bay,2018,4,19,22,0
Bay,2018,5,20,22,0
Bay,2018,6,21,22,0
Bay,2018,7,22,22,1
Bay,2018,8,23,22,1
Bay,2018,9,24,22,1
Bay,2018,10,25,22,1
Bay,2018,11,26,22,1
Bay,2018,12,27,22,1
Bay,2019,1,28,22,1
Bay,2019,2,29,22,1
Bay,2019,3,30,22,1
Bay,2019,4,31,22,1
Bay,2019,5,32,22,1
Bay,2019,6,33,22,1
Bay,2019,7,34,22,1
Bay,2019,8,35,22,1
Bay,2019,9,36,22,1
Bay,2019,10,37,22,1
Bay,2019,11,38,22,1
Bay,2019,12,39,22,1
Benzie,2016,10,1,22,0
Benzie,2016,11,2,22,0
Benzie,2016,12,3,22,0
Benzie,2017,1,4,22,0
Benzie,2017,2,5,22,0
Benzie,2017,3,6,22,0
Benzie,2017,4,7,22,0
Benzie,2017,5,8,22,0
Benzie,2017,6,9,22,0
Benzie,2017,7,10,22,0
Benzie,2017,8,11,22,0
Benzie,2017,9,12,22,0
Benzie,2017,10,13,22,0
Benzie,2017,11,14,22,0
Benzie,2017,12,15,22,0
Benzie,2018,1,16,22,0
Benzie,2018,2,17,22,0
Benzie,2018,3,18,22,0
Benzie,2018,4,19,22,0
Benzie,2018,5,20,22,0
Benzie,2018,6,21,22,0
Benzie,2018,7,22,22,1
Benzie,2018,8,23,22,1
Benzie,2018,9,24,22,1
Benzie,2018,10,25,22,1
Benzie,2018,11,26,22,1
Benzie,2018,12,27,22,1
Benzie,2019,1,28,22,1
Benzie,2019,2,29,22,1
Benzie,2019,3,30,22,1
Benzie,2019,4,31,22,1
Benzie,2019,5,32,22,1
Benzie,2019,6,33,22,1
Benzie,2019,7,34,22,1
Benzie,2019,8,35,22,1
Benzie,2019,9,36,22,1
Benzie,2019,10,37,22,1
Benzie,2019,11,38,22,1
Benzie,2019,12,39,22,1
Berrien,2016,10,1,16,0
Berrien,2016,11,2,16,0
Berrien,2016,12,3,16,0
Berrien,2017,1,4,16,0
Berrien,2017,2,5,16,0
Berrien,2017,3,6,16,0
Berrien,2017,4,7,16,0
Berrien,2017,5,8,16,0
Berrien,2017,6,9,16,0
Berrien,2017,7,10,16,0
Berrien,2017,8,11,16,0
Berrien,2017,9,12,16,0
Berrien,2017,10,13,16,0
Berrien,2017,11,14,16,0
Berrien,2017,12,15,16,0
Berrien,2018,1,16,16,1
Berrien,2018,2,17,16,1
Berrien,2018,3,18,16,1
Berrien,2018,4,19,16,1
Berrien,2018,5,20,16,1
Berrien,2018,6,21,16,1
Berrien,2018,7,22,16,1
Berrien,2018,8,23,16,1
Berrien,2018,9,24,16,1
Berrien,2018,10,25,16,1
Berrien,2018,11,26,16,1
Berrien,2018,12,27,16,1
Berrien,2019,1,28,16,1
Berrien,2019,2,29,16,1
Berrien,2019,3,30,16,1
Berrien,2019,4,31,16,1
Berrien,2019,5,32,16,1
Berrien,2019,6,33,16,1
Berrien,2019,7,34,16,1
Berrien,2019,8,35,16,1
Berrien,2019,9,36,16,1
Berrien,2019,10,37,16,1
Berrien,2019,11,38,16,1
Berrien,2019,12,39,16,1
Branch,2016,10,1,22,0
Branch,2016,11,2,22,0
Branch,2016,12,3,22,0
Branch,2017,1,4,22,0
Branch,2017,2,5,22,0
Branch,2017,3,6,22,0
Branch,2017,4,7,22,0
Branch,2017,5,8,22,0
Branch,2017,6,9,22,0
Branch,2017,7,10,22,0
Branch,2017,8,11,22,0
Branch,2017,9,12,22,0
Branch,2017,10,13,22,0
Branch,2017,11,14,22,0
Branch,2017,12,15,22,0
Branch,2018,1,16,22,0
Branch,2018,2,17,22,0
Branch,2018,3,18,22,0
Branch,2018,4,19,22,0
Branch,2018,5,20,22,0
Branch,2018,6,21,22,0
Branch,2018,7,22,22,1
Branch,2018,8,23,22,1
Branch,2018,9,24,22,1
Branch,2018,10,25,22,1
Branch,2018,11,26,22,1
Branch,2018,12,27,22,1
Branch,2019,1,28,22,1
Branch,2019,2,29,22,1
Branch,2019,3,30,22,1
Branch,2019,4,31,22,1
Branch,2019,5,32,22,1
Branch,2019,6,33,22,1
Branch,2019,7,34,22,1
Branch,2019,8,35,22,1
Branch,2019,9,36,22,1
Branch,2019,10,37,22,1
Branch,2019,11,38,22,1
Branch,2019,12,39,22,1
Calhoun,2016,10,1,22,0
Calhoun,2016,11,2,22,0
Calhoun,2016,12,3,22,0
Calhoun,2017,1,4,22,0
Calhoun,2017,2,5,22,0
Calhoun,2017,3,6,22,0
Calhoun,2017,4,7,22,0
Calhoun,2017,5,8,22,0
Calhoun,2017,6,9,22,0
Calhoun,2017,7,10,22,0
Calhoun,2017,8,11,22,0
Calhoun,2017,9,12,22,0
Calhoun,2017,10,13,22,0
Calhoun,2017,11,14,22,0
Calhoun,2017,12,15,22,0
Calhoun,2018,1,16,22,0
Calhoun,2018,2,17,22,0
Calhoun,2018,3,18,22,0
Calhoun,2018,4,19,22,0
Calhoun,2018,5,20,22,0
Calhoun,2018,6,21,22,0
Calhoun,2018,7,22,22,1
Calhoun,2018,8,23,22,1
Calhoun,2018,9,24,22,1
Calhoun,2018,10,25,22,1
Calhoun,2018,11,26,22,1
Calhoun,2018,12,27,22,1
Calhoun,2019,1,28,22,1
Calhoun,2019,2,29,22,1
Calhoun,2019,3,30,22,1
Calhoun,2019,4,31,22,1
Calhoun,2019,5,32,22,1
Calhoun,2019,6,33,22,1
Calhoun,2019,7,34,22,1
Calhoun,2019,8,35,22,1
Calhoun,2019,9,36,22,1
Calhoun,2019,10,37,22,1
Calhoun,2019,11,38,22,1
Calhoun,2019,12,39,22,1
Cass,2016,10,1,22,0
Cass,2016,11,2,22,0
Cass,2016,12,3,22,0
Cass,2017,1,4,22,0
Cass,2017,2,5,22,0
Cass,2017,3,6,22,0
Cass,2017,4,7,22,0
Cass,2017,5,8,22,0
Cass,2017,6,9,22,0
Cass,2017,7,10,22,0
Cass,2017,8,11,22,0
Cass,2017,9,12,22,0
Cass,2017,10,13,22,0
Cass,2017,11,14,22,0
Cass,2017,12,15,22,0
Cass,2018,1,16,22,0
Cass,2018,2,17,22,0
Cass,2018,3,18,22,0
Cass,2018,4,19,22,0
Cass,2018,5,20,22,0
Cass,2018,6,21,22,0
Cass,2018,7,22,22,1
Cass,2018,8,23,22,1
Cass,2018,9,24,22,1
Cass,2018,10,25,22,1
Cass,2018,11,26,22,1
Cass,2018,12,27,22,1
Cass,2019,1,28,22,1
Cass,2019,2,29,22,1
Cass,2019,3,30,22,1
Cass,2019,4,31,22,1
Cass,2019,5,32,22,1
Cass,2019,6,33,22,1
Cass,2019,7,34,22,1
Cass,2019,8,35,22,1
Cass,2019,9,36,22,1
Cass,2019,10,37,22,1
Cass,2019,11,38,22,1
Cass,2019,12,39,22,1
Charlevoix,2016,10,1,22,0
Charlevoix,2016,11,2,22,0
Charlevoix,2016,12,3,22,0
Charlevoix,2017,1,4,22,0
Charlevoix,2017,2,5,22,0
Charlevoix,2017,3,6,22,0
Charlevoix,2017,4,7,22,0
Charlevoix,2017,5,8,22,0
Charlevoix,2017,6,9,22,0
Charlevoix,2017,7,10,22,0
Charlevoix,2017,8,11,22,0
Charlevoix,2017,9,12,22,0
Charlevoix,2017,10,13,22,0
Charlevoix,2017,11,14,22,0
Charlevoix,2017,12,15,22,0
Charlevoix,2018,1,16,22,0
Charlevoix,2018,2,17,22,0
Charlevoix,2018,3,18,22,0
Charlevoix,2018,4,19,22,0
Charlevoix,2018,5,20,22,0
Charlevoix,2018,6,21,22,0
Charlevoix,2018,7,22,22,1
Charlevoix,2018,8,23,22,1
Charlevoix,2018,9,24,22,1
Charlevoix,2018,10,25,22,1
Charlevoix,2018,11,26,22,1
Charlevoix,2018,12,27,22,1
Charlevoix,2019,1,28,22,1
Charlevoix,2019,2,29,22,1
Charlevoix,2019,3,30,22,1
Charlevoix,2019,4,31,22,1
Charlevoix,2019,5,32,22,1
Charlevoix,2019,6,33,22,1
Charlevoix,2019,7,34,22,1
Charlevoix,2019,8,35,22,1
Charlevoix,2019,9,36,22,1
Charlevoix,2019,10,37,22,1
Charlevoix,2019,11,38,22,1
Charlevoix,2019,12,39,22,1
Cheboygan,2016,10,1,22,0
Cheboygan,2016,11,2,22,0
Cheboygan,2016,12,3,22,0
Cheboygan,2017,1,4,22,0
Cheboygan,2017,2,5,22,0
Cheboygan,2017,3,6,22,0
Cheboygan,2017,4,7,22,0
Cheboygan,2017,5,8,22,0
Cheboygan,2017,6,9,22,0
Cheboygan,2017,7,10,22,0
Cheboygan,2017,8,11,22,0
Cheboygan,2017,9,12,22,0
Cheboygan,2017,10,13,22,0
Cheboygan,2017,11,14,22,0
Cheboygan,2017,12,15,22,0
Cheboygan,2018,1,16,22,0
Cheboygan,2018,2,17,22,0
Cheboygan,2018,3,18,22,0
Cheboygan,2018,4,19,22,0
Cheboygan,2018,5,20,22,0
Cheboygan,2018,6,21,22,0
Cheboygan,2018,7,22,22,1
Cheboygan,2018,8,23,22,1
Cheboygan,2018,9,24,22,1
Cheboygan,2018,10,25,22,1
Cheboygan,2018,11,26,22,1
Cheboygan,2018,12,27,22,1
Cheboygan,2019,1,28,22,1
Cheboygan,2019,2,29,22,1
Cheboygan,2019,3,30,22,1
Cheboygan,2019,4,31,22,1
Cheboygan,2019,5,32,22,1
Cheboygan,2019,6,33,22,1
Cheboygan,2019,7,34,22,1
Cheboygan,2019,8,35,22,1
Cheboygan,2019,9,36,22,1
Cheboygan,2019,10,37,22,1
Cheboygan,2019,11,38,22,1
Cheboygan,2019,12,39,22,1
Chippewa,2016,10,1,22,0
Chippewa,2016,11,2,22,0
Chippewa,2016,12,3,22,0
Chippewa,2017,1,4,22,0
Chippewa,2017,2,5,22,0
Chippewa,2017,3,6,22,0
Chippewa,2017,4,7,22,0
Chippewa,2017,5,8,22,0
Chippewa,2017,6,9,22,0
Chippewa,2017,7,10,22,0
Chippewa,2017,8,11,22,0
Chippewa,2017,9,12,22,0
Chippewa,2017,10,13,22,0
Chippewa,2017,11,14,22,0
Chippewa,2017,12,15,22,0
Chippewa,2018,1,16,22,0
Chippewa,2018,2,17,22,0
Chippewa,2018,3,18,22,0
Chippewa,2018,4,19,22,0
Chippewa,2018,5,20,22,0
Chippewa,2018,6,21,22,0
Chippewa,2018,7,22,22,1
Chippewa,2018,8,23,22,1
Chippewa,2018,9,24,22,1
Chippewa,2018,10,25,22,1
Chippewa,2018,11,26,22,1
Chippewa,2018,12,27,22,1
Chippewa,2019,1,28,22,1
Chippewa,2019,2,29,22,1
Chippewa,2019,3,30,22,1
Chippewa,2019,4,31,22,1
Chippewa,2019,5,32,22,1
Chippewa,2019,6,33,22,1
Chippewa,2019,7,34,22,1
Chippewa,2019,8,35,22,1
Chippewa,2019,9,36,22,1
Chippewa,2019,10,37,22,1
Chippewa,2019,11,38,22,1
Chippewa,2019,12,39,22,1
Clare,2016,10,1,22,0
Clare,2016,11,2,22,0
Clare,2016,12,3,22,0
Clare,2017,1,4,22,0
Clare,2017,2,5,22,0
Clare,2017,3,6,22,0
Clare,2017,4,7,22,0
Clare,2017,5,8,22,0
Clare,2017,6,9,22,0
Clare,2017,7,10,22,0
Clare,2017,8,11,22,0
Clare,2017,9,12,22,0
Clare,2017,10,13,22,0
Clare,2017,11,14,22,0
Clare,2017,12,15,22,0
Clare,2018,1,16,22,0
Clare,2018,2,17,22,0
Clare,2018,3,18,22,0
Clare,2018,4,19,22,0
Clare,2018,5,20,22,0
Clare,2018,6,21,22,0
Clare,2018,7,22,22,1
Clare,2018,8,23,22,1
Clare,2018,9,24,22,1
Clare,2018,10,25,22,1
Clare,2018,11,26,22,1
Clare,2018,12,27,22,1
Clare,2019,1,28,22,1
Clare,2019,2,29,22,1
Clare,2019,3,30,22,1
Clare,2019,4,31,22,1
Clare,2019,5,32,22,1
Clare,2019,6,33,22,1
Clare,2019,7,34,22,1
Clare,2019,8,35,22,1
Clare,2019,9,36,22,1
Clare,2019,10,37,22,1
Clare,2019,11,38,22,1
Clare,2019,12,39,22,1
Clinton,2016,10,1,16,0
Clinton,2016,11,2,16,0
Clinton,2016,12,3,16,0
Clinton,2017,1,4,16,0
Clinton,2017,2,5,16,0
Clinton,2017,3,6,16,0
Clinton,2017,4,7,16,0
Clinton,2017,5,8,16,0
Clinton,2017,6,9,16,0
Clinton,2017,7,10,16,0
Clinton,2017,8,11,16,0
Clinton,2017,9,12,16,0
Clinton,2017,10,13,16,0
Clinton,2017,11,14,16,0
Clinton,2017,12,15,16,0
Clinton,2018,1,16,16,1
Clinton,2018,2,17,16,1
Clinton,2018,3,18,16,1
Clinton,2018,4,19,16,1
Clinton,2018,5,20,16,1
Clinton,2018,6,21,16,1
Clinton,2018,7,22,16,1
Clinton,2018,8,23,16,1
Clinton,2018,9,24,16,1
Clinton,2018,10,25,16,1
Clinton,2018,11,26,16,1
Clinton,2018,12,27,16,1
Clinton,2019,1,28,16,1
Clinton,2019,2,29,16,1
Clinton,2019,3,30,16,1
Clinton,2019,4,31,16,1
Clinton,2019,5,32,16,1
Clinton,2019,6,33,16,1
Clinton,2019,7,34,16,1
Clinton,2019,8,35,16,1
Clinton,2019,9,36,16,1
Clinton,2019,10,37,16,1
Clinton,2019,11,38,16,1
Clinton,2019,12,39,16,1
Crawford,2016,10,1,22,0
Crawford,2016,11,2,22,0
Crawford,2016,12,3,22,0
Crawford,2017,1,4,22,0
Crawford,2017,2,5,22,0
Crawford,2017,3,6,22,0
Crawford,2017,4,7,22,0
Crawford,2017,5,8,22,0
Crawford,2017,6,9,22,0
Crawford,2017,7,10,22,0
Crawford,2017,8,11,22,0
Crawford,2017,9,12,22,0
Crawford,2017,10,13,22,0
Crawford,2017,11,14,22,0
Crawford,2017,12,15,22,0
Crawford,2018,1,16,22,0
Crawford,2018,2,17,22,0
Crawford,2018,3,18,22,0
Crawford,2018,4,19,22,0
Crawford,2018,5,20,22,0
Crawford,2018,6,21,22,0
Crawford,2018,7,22,22,1
Crawford,2018,8,23,22,1
Crawford,2018,9,24,22,1
Crawford,2018,10,25,22,1
Crawford,2018,11,26,22,1
Crawford,2018,12,27,22,1
Crawford,2019,1,28,22,1
Crawford,2019,2,29,22,1
Crawford,2019,3,30,22,1
Crawford,2019,4,31,22,1
Crawford,2019,5,32,22,1
Crawford,2019,6,33,22,1
Crawford,2019,7,34,22,1
Crawford,2019,8,35,22,1
Crawford,2019,9,36,22,1
Crawford,2019,10,37,22,1
Crawford,2019,11,38,22,1
Crawford,2019,12,39,22,1
Delta,2016,10,1,22,0
Delta,2016,11,2,22,0
Delta,2016,12,3,22,0
Delta,2017,1,4,22,0
Delta,2017,2,5,22,0
Delta,2017,3,6,22,0
Delta,2017,4,7,22,0
Delta,2017,5,8,22,0
Delta,2017,6,9,22,0
Delta,2017,7,10,22,0
Delta,2017,8,11,22,0
Delta,2017,9,12,22,0
Delta,2017,10,13,22,0
Delta,2017,11,14,22,0
Delta,2017,12,15,22,0
Delta,2018,1,16,22,0
Delta,2018,2,17,22,0
Delta,2018,3,18,22,0
Delta,2018,4,19,22,0
Delta,2018,5,20,22,0
Delta,2018,6,21,22,0
Delta,2018,7,22,22,1
Delta,2018,8,23,22,1
Delta,2018,9,24,22,1
Delta,2018,10,25,22,1
Delta,2018,11,26,22,1
Delta,2018,12,27,22,1
Delta,2019,1,28,22,1
Delta,2019,2,29,22,1
Delta,2019,3,30,22,1
Delta,2019,4,31,22,1
Delta,2019,5,32,22,1
Delta,2019,6,33,22,1
Delta,2019,7,34,22,1
Delta,2019,8,35,22,1
Delta,2019,9,36,22,1
Delta,2019,10,37,22,1
Delta,2019,11,38,22,1
Delta,2019,12,39,22,1
Dickinson,2016,10,1,22,0
Dickinson,2016,11,2,22,0
Dickinson,2016,12,3,22,0
Dickinson,2017,1,4,22,0
Dickinson,2017,2,5,22,0
Dickinson,2017,3,6,22,0
Dickinson,2017,4,7,22,0
Dickinson,2017,5,8,22,0
Dickinson,2017,6,9,22,0
Dickinson,2017,7,10,22,0
Dickinson,2017,8,11,22,0
Dickinson,2017,9,12,22,0
Dickinson,2017,10,13,22,0
Dickinson,2017,11,14,22,0
Dickinson,2017,12,15,22,0
Dickinson,2018,1,16,22,0
Dickinson,2018,2,17,22,0
Dickinson,2018,3,18,22,0
Dickinson,2018,4,19,22,0
Dickinson,2018,5,20,22,0
Dickinson,2018,6,21,22,0
Dickinson,2018,7,22,22,1
Dickinson,2018,8,23,22,1
Dickinson,2018,9,24,22,1
Dickinson,2018,10,25,22,1
Dickinson,2018,11,26,22,1
Dickinson,2018,12,27,22,1
Dickinson,2019,1,28,22,1
Dickinson,2019,2,29,22,1
Dickinson,2019,3,30,22,1
Dickinson,2019,4,31,22,1
Dickinson,2019,5,32,22,1
Dickinson,2019,6,33,22,1
Dickinson,2019,7,34,22,1
Dickinson,2019,8,35,22,1
Dickinson,2019,9,36,22,1
Dickinson,2019,10,37,22,1
Dickinson,2019,11,38,22,1
Dickinson,2019,12,39,22,1
Eaton,2016,10,1,16,0
Eaton,2016,11,2,16,0
Eaton,2016,12,3,16,0
Eaton,2017,1,4,16,0
Eaton,2017,2,5,16,0
Eaton,2017,3,6,16,0
Eaton,2017,4,7,16,0
Eaton,2017,5,8,16,0
Eaton,2017,6,9,16,0
Eaton,2017,7,10,16,0
Eaton,2017,8,11,16,0
Eaton,2017,9,12,16,0
Eaton,2017,10,13,16,0
Eaton,2017,11,14,16,0
Eaton,2017,12,15,16,0
Eaton,2018,1,16,16,1
Eaton,2018,2,17,16,1
Eaton,2018,3,18,16,1
Eaton,2018,4,19,16,1
Eaton,2018,5,20,16,1
Eaton,2018,6,21,16,1
Eaton,2018,7,22,16,1
Eaton,2018,8,23,16,1
Eaton,2018,9,24,16,1
Eaton,2018,10,25,16,1
Eaton,2018,11,26,16,1
Eaton,2018,12,27,16,1
Eaton,2019,1,28,16,1
Eaton,2019,2,29,16,1
Eaton,2019,3,30,16,1
Eaton,2019,4,31,16,1
Eaton,2019,5,32,16,1
Eaton,2019,6,33,16,1
Eaton,2019,7,34,16,1
Eaton,2019,8,35,16,1
Eaton,2019,9,36,16,1
Eaton,2019,10,37,16,1
Eaton,2019,11,38,16,1
Eaton,2019,12,39,16,1
Emmet,2016,10,1,22,0
Emmet,2016,11,2,22,0
Emmet,2016,12,3,22,0
Emmet,2017,1,4,22,0
Emmet,2017,2,5,22,0
Emmet,2017,3,6,22,0
Emmet,2017,4,7,22,0
Emmet,2017,5,8,22,0
Emmet,2017,6,9,22,0
Emmet,2017,7,10,22,0
Emmet,2017,8,11,22,0
Emmet,2017,9,12,22,0
Emmet,2017,10,13,22,0
Emmet,2017,11,14,22,0
Emmet,2017,12,15,22,0
Emmet,2018,1,16,22,0
Emmet,2018,2,17,22,0
Emmet,2018,3,18,22,0
Emmet,2018,4,19,22,0
Emmet,2018,5,20,22,0
Emmet,2018,6,21,22,0
Emmet,2018,7,22,22,1
Emmet,2018,8,23,22,1
Emmet,2018,9,24,22,1
Emmet,2018,10,25,22,1
Emmet,2018,11,26,22,1
Emmet,2018,12,27,22,1
Emmet,2019,1,28,22,1
Emmet,2019,2,29,22,1
Emmet,2019,3,30,22,1
Emmet,2019,4,31,22,1
Emmet,2019,5,32,22,1
Emmet,2019,6,33,22,1
Emmet,2019,7,34,22,1
Emmet,2019,8,35,22,1
Emmet,2019,9,36,22,1
Emmet,2019,10,37,22,1
Emmet,2019,11,38,22,1
Emmet,2019,12,39,22,1
Genesee,2016,10,1,22,0
Genesee,2016,11,2,22,0
Genesee,2016,12,3,22,0
Genesee,2017,1,4,22,0
Genesee,2017,2,5,22,0
Genesee,2017,3,6,22,0
Genesee,2017,4,7,22,0
Genesee,2017,5,8,22,0
Genesee,2017,6,9,22,0
Genesee,2017,7,10,22,0
Genesee,2017,8,11,22,0
Genesee,2017,9,12,22,0
Genesee,2017,10,13,22,0
Genesee,2017,11,14,22,0
Genesee,2017,12,15,22,0
Genesee,2018,1,16,22,0
Genesee,2018,2,17,22,0
Genesee,2018,3,18,22,0
Genesee,2018,4,19,22,0
Genesee,2018,5,20,22,0
Genesee,2018,6,21,22,0
Genesee,2018,7,22,22,1
Genesee,2018,8,23,22,1
Genesee,2018,9,24,22,1
Genesee,2018,10,25,22,1
Genesee,2018,11,26,22,1
Genesee,2018,12,27,22,1
Genesee,2019,1,28,22,1
Genesee,2019,2,29,22,1
Genesee,2019,3,30,22,1
Genesee,2019,4,31,22,1
Genesee,2019,5,32,22,1
Genesee,2019,6,33,22,1
Genesee,2019,7,34,22,1
Genesee,2019,8,35,22,1
Genesee,2019,9,36,22,1
Genesee,2019,10,37,22,1
Genesee,2019,11,38,22,1
Genesee,2019,12,39,22,1
Gladwin,2016,10,1,22,0
Gladwin,2016,11,2,22,0
Gladwin,2016,12,3,22,0
Gladwin,2017,1,4,22,0
Gladwin,2017,2,5,22,0
Gladwin,2017,3,6,22,0
Gladwin,2017,4,7,22,0
Gladwin,2017,5,8,22,0
Gladwin,2017,6,9,22,0
Gladwin,2017,7,10,22,0
Gladwin,2017,8,11,22,0
Gladwin,2017,9,12,22,0
Gladwin,2017,10,13,22,0
Gladwin,2017,11,14,22,0
Gladwin,2017,12,15,22,0
Gladwin,2018,1,16,22,0
Gladwin,2018,2,17,22,0
Gladwin,2018,3,18,22,0
Gladwin,2018,4,19,22,0
Gladwin,2018,5,20,22,0
Gladwin,2018,6,21,22,0
Gladwin,2018,7,22,22,1
Gladwin,2018,8,23,22,1
Gladwin,2018,9,24,22,1
Gladwin,2018,10,25,22,1
Gladwin,2018,11,26,22,1
Gladwin,2018,12,27,22,1
Gladwin,2019,1,28,22,1
Gladwin,2019,2,29,22,1
Gladwin,2019,3,30,22,1
Gladwin,2019,4,31,22,1
Gladwin,2019,5,32,22,1
Gladwin,2019,6,33,22,1
Gladwin,2019,7,34,22,1
Gladwin,2019,8,35,22,1
Gladwin,2019,9,36,22,1
Gladwin,2019,10,37,22,1
Gladwin,2019,11,38,22,1
Gladwin,2019,12,39,22,1
Gogebic,2016,10,1,22,0
Gogebic,2016,11,2,22,0
Gogebic,2016,12,3,22,0
Gogebic,2017,1,4,22,0
Gogebic,2017,2,5,22,0
Gogebic,2017,3,6,22,0
Gogebic,2017,4,7,22,0
Gogebic,2017,5,8,22,0
Gogebic,2017,6,9,22,0
Gogebic,2017,7,10,22,0
Gogebic,2017,8,11,22,0
Gogebic,2017,9,12,22,0
Gogebic,2017,10,13,22,0
Gogebic,2017,11,14,22,0
Gogebic,2017,12,15,22,0
Gogebic,2018,1,16,22,0
Gogebic,2018,2,17,22,0
Gogebic,2018,3,18,22,0
Gogebic,2018,4,19,22,0
Gogebic,2018,5,20,22,0
Gogebic,2018,6,21,22,0
Gogebic,2018,7,22,22,1
Gogebic,2018,8,23,22,1
Gogebic,2018,9,24,22,1
Gogebic,2018,10,25,22,1
Gogebic,2018,11,26,22,1
Gogebic,2018,12,27,22,1
Gogebic,2019,1,28,22,1
Gogebic,2019,2,29,22,1
Gogebic,2019,3,30,22,1
Gogebic,2019,4,31,22,1
Gogebic,2019,5,32,22,1
Gogebic,2019,6,33,22,1
Gogebic,2019,7,34,22,1
Gogebic,2019,8,35,22,1
Gogebic,2019,9,36,22,1
Gogebic,2019,10,37,22,1
Gogebic,2019,11,38,22,1
Gogebic,2019,12,39,22,1
Grand Traverse,2016,10,1,16,0
Grand Traverse,2016,11,2,16,0
Grand Traverse,2016,12,3,16,0
Grand Traverse,2017,1,4,16,0
Grand Traverse,2017,2,5,16,0
Grand Traverse,2017,3,6,16,0
Grand Traverse,2017,4,7,16,0
Grand Traverse,2017,5,8,16,0
Grand Traverse,2017,6,9,16,0
Grand Traverse,2017,7,10,16,0
Grand Traverse,2017,8,11,16,0
Grand Traverse,2017,9,12,16,0
Grand Traverse,2017,10,13,16,0
Grand Traverse,2017,11,14,16,0
Grand Traverse,2017,12,15,16,0
Grand Traverse,2018,1,16,16,1
Grand Traverse,2018,2,17,16,1
Grand Traverse,2018,3,18,16,1
Grand Traverse,2018,4,19,16,1
Grand Traverse,2018,5,20,16,1
Grand Traverse,2018,6,21,16,1
Grand Traverse,2018,7,22,16,1
Grand Traverse,2018,8,23,16,1
Grand Traverse,2018,9,24,16,1
Grand Traverse,2018,10,25,16,1
Grand Traverse,2018,11,26,16,1
Grand Traverse,2018,12,27,16,1
Grand Traverse,2019,1,28,16,1
Grand Traverse,2019,2,29,16,1
Grand Traverse,2019,3,30,16,1
Grand Traverse,2019,4,31,16,1
Grand Traverse,2019,5,32,16,1
Grand Traverse,2019,6,33,16,1
Grand Traverse,2019,7,34,16,1
Grand Traverse,2019,8,35,16,1
Grand Traverse,2019,9,36,16,1
Grand Traverse,2019,10,37,16,1
Grand Traverse,2019,11,38,16,1
Grand Traverse,2019,12,39,16,1
Gratiot,2016,10,1,22,0
Gratiot,2016,11,2,22,0
Gratiot,2016,12,3,22,0
Gratiot,2017,1,4,22,0
Gratiot,2017,2,5,22,0
Gratiot,2017,3,6,22,0
Gratiot,2017,4,7,22,0
Gratiot,2017,5,8,22,0
Gratiot,2017,6,9,22,0
Gratiot,2017,7,10,22,0
Gratiot,2017,8,11,22,0
Gratiot,2017,9,12,22,0
Gratiot,2017,10,13,22,0
Gratiot,2017,11,14,22,0
Gratiot,2017,12,15,22,0
Gratiot,2018,1,16,22,0
Gratiot,2018,2,17,22,0
Gratiot,2018,3,18,22,0
Gratiot,2018,4,19,22,0
Gratiot,2018,5,20,22,0
Gratiot,2018,6,21,22,0
Gratiot,2018,7,22,22,1
Gratiot,2018,8,23,22,1
Gratiot,2018,9,24,22,1
Gratiot,2018,10,25,22,1
Gratiot,2018,11,26,22,1
Gratiot,2018,12,27,22,1
Gratiot,2019,1,28,22,1
Gratiot,2019,2,29,22,1
Gratiot,2019,3,30,22,1
Gratiot,2019,4,31,22,1
Gratiot,2019,5,32,22,1
Gratiot,2019,6,33,22,1
Gratiot,2019,7,34,22,1
Gratiot,2019,8,35,22,1
Gratiot,2019,9,36,22,1
Gratiot,2019,10,37,22,1
Gratiot,2019,11,38,22,1
Gratiot,2019,12,39,22,1
Hillsdale,2016,10,1,22,0
Hillsdale,2016,11,2,22,0
Hillsdale,2016,12,3,22,0
Hillsdale,2017,1,4,22,0
Hillsdale,2017,2,5,22,0
Hillsdale,2017,3,6,22,0
Hillsdale,2017,4,7,22,0
Hillsdale,2017,5,8,22,0
Hillsdale,2017,6,9,22,0
Hillsdale,2017,7,10,22,0
Hillsdale,2017,8,11,22,0
Hillsdale,2017,9,12,22,0
Hillsdale,2017,10,13,22,0
Hillsdale,2017,11,14,22,0
Hillsdale,2017,12,15,22,0
Hillsdale,2018,1,16,22,0
Hillsdale,2018,2,17,22,0
Hillsdale,2018,3,18,22,0
Hillsdale,2018,4,19,22,0
Hillsdale,2018,5,20,22,0
Hillsdale,2018,6,21,22,0
Hillsdale,2018,7,22,22,1
Hillsdale,2018,8,23,22,1
Hillsdale,2018,9,24,22,1
Hillsdale,2018,10,25,22,1
Hillsdale,2018,11,26,22,1
Hillsdale,2018,12,27,22,1
Hillsdale,2019,1,28,22,1
Hillsdale,2019,2,29,22,1
Hillsdale,2019,3,30,22,1
Hillsdale,2019,4,31,22,1
Hillsdale,2019,5,32,22,1
Hillsdale,2019,6,33,22,1
Hillsdale,2019,7,34,22,1
Hillsdale,2019,8,35,22,1
Hillsdale,2019,9,36,22,1
Hillsdale,2019,10,37,22,1
Hillsdale,2019,11,38,22,1
Hillsdale,2019,12,39,22,1
Houghton,2016,10,1,22,0
Houghton,2016,11,2,22,0
Houghton,2016,12,3,22,0
Houghton,2017,1,4,22,0
Houghton,2017,2,5,22,0
Houghton,2017,3,6,22,0
Houghton,2017,4,7,22,0
Houghton,2017,5,8,22,0
Houghton,2017,6,9,22,0
Houghton,2017,7,10,22,0
Houghton,2017,8,11,22,0
Houghton,2017,9,12,22,0
Houghton,2017,10,13,22,0
Houghton,2017,11,14,22,0
Houghton,2017,12,15,22,0
Houghton,2018,1,16,22,0
Houghton,2018,2,17,22,0
Houghton,2018,3,18,22,0
Houghton,2018,4,19,22,0
Houghton,2018,5,20,22,0
Houghton,2018,6,21,22,0
Houghton,2018,7,22,22,1
Houghton,2018,8,23,22,1
Houghton,2018,9,24,22,1
Houghton,2018,10,25,22,1
Houghton,2018,11,26,22,1
Houghton,2018,12,27,22,1
Houghton,2019,1,28,22,1
Houghton,2019,2,29,22,1
Houghton,2019,3,30,22,1
Houghton,2019,4,31,22,1
Houghton,2019,5,32,22,1
Houghton,2019,6,33,22,1
Houghton,2019,7,34,22,1
Houghton,2019,8,35,22,1
Houghton,2019,9,36,22,1
Houghton,2019,10,37,22,1
Houghton,2019,11,38,22,1
Houghton,2019,12,39,22,1
Huron,2016,10,1,22,0
Huron,2016,11,2,22,0
Huron,2016,12,3,22,0
Huron,2017,1,4,22,0
Huron,2017,2,5,22,0
Huron,2017,3,6,22,0
Huron,2017,4,7,22,0
Huron,2017,5,8,22,0
Huron,2017,6,9,22,0
Huron,2017,7,10,22,0
Huron,2017,8,11,22,0
Huron,2017,9,12,22,0
Huron,2017,10,13,22,0
Huron,2017,11,14,22,0
Huron,2017,12,15,22,0
Huron,2018,1,16,22,0
Huron,2018,2,17,22,0
Huron,2018,3,18,22,0
Huron,2018,4,19,22,0
Huron,2018,5,20,22,0
Huron,2018,6,21,22,0
Huron,2018,7,22,22,1
Huron,2018,8,23,22,1
Huron,2018,9,24,22,1
Huron,2018,10,25,22,1
Huron,2018,11,26,22,1
Huron,2018,12,27,22,1
Huron,2019,1,28,22,1
Huron,2019,2,29,22,1
Huron,2019,3,30,22,1
Huron,2019,4,31,22,1
Huron,2019,5,32,22,1
Huron,2019,6,33,22,1
Huron,2019,7,34,22,1
Huron,2019,8,35,22,1
Huron,2019,9,36,22,1
Huron,2019,10,37,22,1
Huron,2019,11,38,22,1
Huron,2019,12,39,22,1
Ingham,2016,10,1,16,0
Ingham,2016,11,2,16,0
Ingham,2016,12,3,16,0
Ingham,2017,1,4,16,0
Ingham,2017,2,5,16,0
Ingham,2017,3,6,16,0
Ingham,2017,4,7,16,0
Ingham,2017,5,8,16,0
Ingham,2017,6,9,16,0
Ingham,2017,7,10,16,0
Ingham,2017,8,11,16,0
Ingham,2017,9,12,16,0
Ingham,2017,10,13,16,0
Ingham,2017,11,14,16,0
Ingham,2017,12,15,16,0
Ingham,2018,1,16,16,1
Ingham,2018,2,17,16,1
Ingham,2018,3,18,16,1
Ingham,2018,4,19,16,1
Ingham,2018,5,20,16,1
Ingham,2018,6,21,16,1
Ingham,2018,7,22,16,1
Ingham,2018,8,23,16,1
Ingham,2018,9,24,16,1
Ingham,2018,10,25,16,1
Ingham,2018,11,26,16,1
Ingham,2018,12,27,16,1
Ingham,2019,1,28,16,1
Ingham,2019,2,29,16,1
Ingham,2019,3,30,16,1
Ingham,2019,4,31,16,1
Ingham,2019,5,32,16,1
Ingham,2019,6,33,16,1
Ingham,2019,7,34,16,1
Ingham,2019,8,35,16,1
Ingham,2019,9,36,16,1
Ingham,2019,10,37,16,1
Ingham,2019,11,38,16,1
Ingham,2019,12,39,16,1
Ionia,2016,10,1,16,0
Ionia,2016,11,2,16,0
Ionia,2016,12,3,16,0
Ionia,2017,1,4,16,0
Ionia,2017,2,5,16,0
Ionia,2017,3,6,16,0
Ionia,2017,4,7,16,0
Ionia,2017,5,8,16,0
Ionia,2017,6,9,16,0
Ionia,2017,7,10,16,0
Ionia,2017,8,11,16,0
Ionia,2017,9,12,16,0
Ionia,2017,10,13,16,0
Ionia,2017,11,14,16,0
Ionia,2017,12,15,16,0
Ionia,2018,1,16,16,1
Ionia,2018,2,17,16,1
Ionia,2018,3,18,16,1
Ionia,2018,4,19,16,1
Ionia,2018,5,20,16,1
Ionia,2018,6,21,16,1
Ionia,2018,7,22,16,1
Ionia,2018,8,23,16,1
Ionia,2018,9,24,16,1
Ionia,2018,10,25,16,1
Ionia,2018,11,26,16,1
Ionia,2018,12,27,16,1
Ionia,2019,1,28,16,1
Ionia,2019,2,29,16,1
Ionia,2019,3,30,16,1
Ionia,2019,4,31,16,1
Ionia,2019,5,32,16,1
Ionia,2019,6,33,16,1
Ionia,2019,7,34,16,1
Ionia,2019,8,35,16,1
Ionia,2019,9,36,16,1
Ionia,2019,10,37,16,1
Ionia,2019,11,38,16,1
Ionia,2019,12,39,16,1
Iosco,2016,10,1,22,0
Iosco,2016,11,2,22,0
Iosco,2016,12,3,22,0
Iosco,2017,1,4,22,0
Iosco,2017,2,5,22,0
Iosco,2017,3,6,22,0
Iosco,2017,4,7,22,0
Iosco,2017,5,8,22,0
Iosco,2017,6,9,22,0
Iosco,2017,7,10,22,0
Iosco,2017,8,11,22,0
Iosco,2017,9,12,22,0
Iosco,2017,10,13,22,0
Iosco,2017,11,14,22,0
Iosco,2017,12,15,22,0
Iosco,2018,1,16,22,0
Iosco,2018,2,17,22,0
Iosco,2018,3,18,22,0
Iosco,2018,4,19,22,0
Iosco,2018,5,20,22,0
Iosco,2018,6,21,22,0
Iosco,2018,7,22,22,1
Iosco,2018,8,23,22,1
Iosco,2018,9,24,22,1
Iosco,2018,10,25,22,1
Iosco,2018,11,26,22,1
Iosco,2018,12,27,22,1
Iosco,2019,1,28,22,1
Iosco,2019,2,29,22,1
Iosco,2019,3,30,22,1
Iosco,2019,4,31,22,1
Iosco,2019,5,32,22,1
Iosco,2019,6,33,22,1
Iosco,2019,7,34,22,1
Iosco,2019,8,35,22,1
Iosco,2019,9,36,22,1
Iosco,2019,10,37,22,1
Iosco,2019,11,38,22,1
Iosco,2019,12,39,22,1
Iron,2016,10,1,22,0
Iron,2016,11,2,22,0
Iron,2016,12,3,22,0
Iron,2017,1,4,22,0
Iron,2017,2,5,22,0
Iron,2017,3,6,22,0
Iron,2017,4,7,22,0
Iron,2017,5,8,22,0
Iron,2017,6,9,22,0
Iron,2017,7,10,22,0
Iron,2017,8,11,22,0
Iron,2017,9,12,22,0
Iron,2017,10,13,22,0
Iron,2017,11,14,22,0
Iron,2017,12,15,22,0
Iron,2018,1,16,22,0
Iron,2018,2,17,22,0
Iron,2018,3,18,22,0
Iron,2018,4,19,22,0
Iron,2018,5,20,22,0
Iron,2018,6,21,22,0
Iron,2018,7,22,22,1
Iron,2018,8,23,22,1
Iron,2018,9,24,22,1
Iron,2018,10,25,22,1
Iron,2018,11,26,22,1
Iron,2018,12,27,22,1
Iron,2019,1,28,22,1
Iron,2019,2,29,22,1
Iron,2019,3,30,22,1
Iron,2019,4,31,22,1
Iron,2019,5,32,22,1
Iron,2019,6,33,22,1
Iron,2019,7,34,22,1
Iron,2019,8,35,22,1
Iron,2019,9,36,22,1
Iron,2019,10,37,22,1
Iron,2019,11,38,22,1
Iron,2019,12,39,22,1
Isabella,2016,10,1,22,0
Isabella,2016,11,2,22,0
Isabella,2016,12,3,22,0
Isabella,2017,1,4,22,0
Isabella,2017,2,5,22,0
Isabella,2017,3,6,22,0
Isabella,2017,4,7,22,0
Isabella,2017,5,8,22,0
Isabella,2017,6,9,22,0
Isabella,2017,7,10,22,0
Isabella,2017,8,11,22,0
Isabella,2017,9,12,22,0
Isabella,2017,10,13,22,0
Isabella,2017,11,14,22,0
Isabella,2017,12,15,22,0
Isabella,2018,1,16,22,0
Isabella,2018,2,17,22,0
Isabella,2018,3,18,22,0
Isabella,2018,4,19,22,0
Isabella,2018,5,20,22,0
Isabella,2018,6,21,22,0
Isabella,2018,7,22,22,1
Isabella,2018,8,23,22,1
Isabella,2018,9,24,22,1
Isabella,2018,10,25,22,1
Isabella,2018,11,26,22,1
Isabella,2018,12,27,22,1
Isabella,2019,1,28,22,1
Isabella,2019,2,29,22,1
Isabella,2019,3,30,22,1
Isabella,2019,4,31,22,1
Isabella,2019,5,32,22,1
Isabella,2019,6,33,22,1
Isabella,2019,7,34,22,1
Isabella,2019,8,35,22,1
Isabella,2019,9,36,22,1
Isabella,2019,10,37,22,1
Isabella,2019,11,38,22,1
Isabella,2019,12,39,22,1
Jackson,2016,10,1,22,0
Jackson,2016,11,2,22,0
Jackson,2016,12,3,22,0
Jackson,2017,1,4,22,0
Jackson,2017,2,5,22,0
Jackson,2017,3,6,22,0
Jackson,2017,4,7,22,0
Jackson,2017,5,8,22,0
Jackson,2017,6,9,22,0
Jackson,2017,7,10,22,0
Jackson,2017,8,11,22,0
Jackson,2017,9,12,22,0
Jackson,2017,10,13,22,0
Jackson,2017,11,14,22,0
Jackson,2017,12,15,22,0
Jackson,2018,1,16,22,0
Jackson,2018,2,17,22,0
Jackson,2018,3,18,22,0
Jackson,2018,4,19,22,0
Jackson,2018,5,20,22,0
Jackson,2018,6,21,22,0
Jackson,2018,7,22,22,1
Jackson,2018,8,23,22,1
Jackson,2018,9,24,22,1
Jackson,2018,10,25,22,1
Jackson,2018,11,26,22,1
Jackson,2018,12,27,22,1
Jackson,2019,1,28,22,1
Jackson,2019,2,29,22,1
Jackson,2019,3,30,22,1
Jackson,2019,4,31,22,1
Jackson,2019,5,32,22,1
Jackson,2019,6,33,22,1
Jackson,2019,7,34,22,1
Jackson,2019,8,35,22,1
Jackson,2019,9,36,22,1
Jackson,2019,10,37,22,1
Jackson,2019,11,38,22,1
Jackson,2019,12,39,22,1
Kalamazoo,2016,10,1,16,0
Kalamazoo,2016,11,2,16,0
Kalamazoo,2016,12,3,16,0
Kalamazoo,2017,1,4,16,0
Kalamazoo,2017,2,5,16,0
Kalamazoo,2017,3,6,16,0
Kalamazoo,2017,4,7,16,0
Kalamazoo,2017,5,8,16,0
Kalamazoo,2017,6,9,16,0
Kalamazoo,2017,7,10,16,0
Kalamazoo,2017,8,11,16,0
Kalamazoo,2017,9,12,16,0
Kalamazoo,2017,10,13,16,0
Kalamazoo,2017,11,14,16,0
Kalamazoo,2017,12,15,16,0
Kalamazoo,2018,1,16,16,1
Kalamazoo,2018,2,17,16,1
Kalamazoo,2018,3,18,16,1
Kalamazoo,2018,4,19,16,1
Kalamazoo,2018,5,20,16,1
Kalamazoo,2018,6,21,16,1
Kalamazoo,2018,7,22,16,1
Kalamazoo,2018,8,23,16,1
Kalamazoo,2018,9,24,16,1
Kalamazoo,2018,10,25,16,1
Kalamazoo,2018,11,26,16,1
Kalamazoo,2018,12,27,16,1
Kalamazoo,2019,1,28,16,1
Kalamazoo,2019,2,29,16,1
Kalamazoo,2019,3,30,16,1
Kalamazoo,2019,4,31,16,1
Kalamazoo,2019,5,32,16,1
Kalamazoo,2019,6,33,16,1
Kalamazoo,2019,7,34,16,1
Kalamazoo,2019,8,35,16,1
Kalamazoo,2019,9,36,16,1
Kalamazoo,2019,10,37,16,1
Kalamazoo,2019,11,38,16,1
Kalamazoo,2019,12,39,16,1
Kalkaska,2016,10,1,22,0
Kalkaska,2016,11,2,22,0
Kalkaska,2016,12,3,22,0
Kalkaska,2017,1,4,22,0
Kalkaska,2017,2,5,22,0
Kalkaska,2017,3,6,22,0
Kalkaska,2017,4,7,22,0
Kalkaska,2017,5,8,22,0
Kalkaska,2017,6,9,22,0
Kalkaska,2017,7,10,22,0
Kalkaska,2017,8,11,22,0
Kalkaska,2017,9,12,22,0
Kalkaska,2017,10,13,22,0
Kalkaska,2017,11,14,22,0
Kalkaska,2017,12,15,22,0
Kalkaska,2018,1,16,22,0
Kalkaska,2018,2,17,22,0
Kalkaska,2018,3,18,22,0
Kalkaska,2018,4,19,22,0
Kalkaska,2018,5,20,22,0
Kalkaska,2018,6,21,22,0
Kalkaska,2018,7,22,22,1
Kalkaska,2018,8,23,22,1
Kalkaska,2018,9,24,22,1
Kalkaska,2018,10,25,22,1
Kalkaska,2018,11,26,22,1
Kalkaska,2018,12,27,22,1
Kalkaska,2019,1,28,22,1
Kalkaska,2019,2,29,22,1
Kalkaska,2019,3,30,22,1
Kalkaska,2019,4,31,22,1
Kalkaska,2019,5,32,22,1
Kalkaska,2019,6,33,22,1
Kalkaska,2019,7,34,22,1
Kalkaska,2019,8,35,22,1
Kalkaska,2019,9,36,22,1
Kalkaska,2019,10,37,22,1
Kalkaska,2019,11,38,22,1
Kalkaska,2019,12,39,22,1
Kent,2016,10,1,4,0
Kent,2016,11,2,4,0
Kent,2016,12,3,4,0
Kent,2017,1,4,4,1
Kent,2017,2,5,4,1
Kent,2017,3,6,4,1
Kent,2017,4,7,4,1
Kent,2017,5,8,4,1
Kent,2017,6,9,4,1
Kent,2017,7,10,4,1
Kent,2017,8,11,4,1
Kent,2017,9,12,4,1
Kent,2017,10,13,4,1
Kent,2017,11,14,4,1
Kent,2017,12,15,4,1
Kent,2018,1,16,4,1
Kent,2018,2,17,4,1
Kent,2018,3,18,4,1
Kent,2018,4,19,4,1
Kent,2018,5,20,4,1
Kent,2018,6,21,4,1
Kent,2018,7,22,4,1
Kent,2018,8,23,4,1
Kent,2018,9,24,4,1
Kent,2018,10,25,4,1
Kent,2018,11,26,4,1
Kent,2018,12,27,4,1
Kent,2019,1,28,4,1
Kent,2019,2,29,4,1
Kent,2019,3,30,4,1
Kent,2019,4,31,4,1
Kent,2019,5,32,4,1
Kent,2019,6,33,4,1
Kent,2019,7,34,4,1
Kent,2019,8,35,4,1
Kent,2019,9,36,4,1
Kent,2019,10,37,4,1
Kent,2019,11,38,4,1
Kent,2019,12,39,4,1
Keweenaw,2016,10,1,22,0
Keweenaw,2016,11,2,22,0
Keweenaw,2016,12,3,22,0
Keweenaw,2017,1,4,22,0
Keweenaw,2017,2,5,22,0
Keweenaw,2017,3,6,22,0
Keweenaw,2017,4,7,22,0
Keweenaw,2017,5,8,22,0
Keweenaw,2017,6,9,22,0
Keweenaw,2017,7,10,22,0
Keweenaw,2017,8,11,22,0
Keweenaw,2017,9,12,22,0
Keweenaw,2017,10,13,22,0
Keweenaw,2017,11,14,22,0
Keweenaw,2017,12,15,22,0
Keweenaw,2018,1,16,22,0
Keweenaw,2018,2,17,22,0
Keweenaw,2018,3,18,22,0
Keweenaw,2018,4,19,22,0
Keweenaw,2018,5,20,22,0
Keweenaw,2018,6,21,22,0
Keweenaw,2018,7,22,22,1
Keweenaw,2018,8,23,22,1
Keweenaw,2018,9,24,22,1
Keweenaw,2018,10,25,22,1
Keweenaw,2018,11,26,22,1
Keweenaw,2018,12,27,22,1
Keweenaw,2019,1,28,22,1
Keweenaw,2019,2,29,22,1
Keweenaw,2019,3,30,22,1
Keweenaw,2019,4,31,22,1
Keweenaw,2019,5,32,22,1
Keweenaw,2019,6,33,22,1
Keweenaw,2019,7,34,22,1
Keweenaw,2019,8,35,22,1
Keweenaw,2019,9,36,22,1
Keweenaw,2019,10,37,22,1
Keweenaw,2019,11,38,22,1
Keweenaw,2019,12,39,22,1
Lake,2016,10,1,22,0
Lake,2016,11,2,22,0
Lake,2016,12,3,22,0
Lake,2017,1,4,22,0
Lake,2017,2,5,22,0
Lake,2017,3,6,22,0
Lake,2017,4,7,22,0
Lake,2017,5,8,22,0
Lake,2017,6,9,22,0
Lake,2017,7,10,22,0
Lake,2017,8,11,22,0
Lake,2017,9,12,22,0
Lake,2017,10,13,22,0
Lake,2017,11,14,22,0
Lake,2017,12,15,22,0
Lake,2018,1,16,22,0
Lake,2018,2,17,22,0
Lake,2018,3,18,22,0
Lake,2018,4,19,22,0
Lake,2018,5,20,22,0
Lake,2018,6,21,22,0
Lake,2018,7,22,22,1
Lake,2018,8,23,22,1
Lake,2018,9,24,22,1
Lake,2018,10,25,22,1
Lake,2018,11,26,22,1
Lake,2018,12,27,22,1
Lake,2019,1,28,22,1
Lake,2019,2,29,22,1
Lake,2019,3,30,22,1
Lake,2019,4,31,22,1
Lake,2019,5,32,22,1
Lake,2019,6,33,22,1
Lake,2019,7,34,22,1
Lake,2019,8,35,22,1
Lake,2019,9,36,22,1
Lake,2019,10,37,22,1
Lake,2019,11,38,22,1
Lake,2019,12,39,22,1
Lapeer,2016,10,1,22,0
Lapeer,2016,11,2,22,0
Lapeer,2016,12,3,22,0
Lapeer,2017,1,4,22,0
Lapeer,2017,2,5,22,0
Lapeer,2017,3,6,22,0
Lapeer,2017,4,7,22,0
Lapeer,2017,5,8,22,0
Lapeer,2017,6,9,22,0
Lapeer,2017,7,10,22,0
Lapeer,2017,8,11,22,0
Lapeer,2017,9,12,22,0
Lapeer,2017,10,13,22,0
Lapeer,2017,11,14,22,0
Lapeer,2017,12,15,22,0
Lapeer,2018,1,16,22,0
Lapeer,2018,2,17,22,0
Lapeer,2018,3,18,22,0
Lapeer,2018,4,19,22,0
Lapeer,2018,5,20,22,0
Lapeer,2018,6,21,22,0
Lapeer,2018,7,22,22,1
Lapeer,2018,8,23,22,1
Lapeer,2018,9,24,22,1
Lapeer,2018,10,25,22,1
Lapeer,2018,11,26,22,1
Lapeer,2018,12,27,22,1
Lapeer,2019,1,28,22,1
Lapeer,2019,2,29,22,1
Lapeer,2019,3,30,22,1
Lapeer,2019,4,31,22,1
Lapeer,2019,5,32,22,1
Lapeer,2019,6,33,22,1
Lapeer,2019,7,34,22,1
Lapeer,2019,8,35,22,1
Lapeer,2019,9,36,22,1
Lapeer,2019,10,37,22,1
Lapeer,2019,11,38,22,1
Lapeer,2019,12,39,22,1
Leelanau,2016,10,1,22,0
Leelanau,2016,11,2,22,0
Leelanau,2016,12,3,22,0
Leelanau,2017,1,4,22,0
Leelanau,2017,2,5,22,0
Leelanau,2017,3,6,22,0
Leelanau,2017,4,7,22,0
Leelanau,2017,5,8,22,0
Leelanau,2017,6,9,22,0
Leelanau,2017,7,10,22,0
Leelanau,2017,8,11,22,0
Leelanau,2017,9,12,22,0
Leelanau,2017,10,13,22,0
Leelanau,2017,11,14,22,0
Leelanau,2017,12,15,22,0
Leelanau,2018,1,16,22,0
Leelanau,2018,2,17,22,0
Leelanau,2018,3,18,22,0
Leelanau,2018,4,19,22,0
Leelanau,2018,5,20,22,0
Leelanau,2018,6,21,22,0
Leelanau,2018,7,22,22,1
Leelanau,2018,8,23,22,1
Leelanau,2018,9,24,22,1
Leelanau,2018,10,25,22,1
Leelanau,2018,11,26,22,1
Leelanau,2018,12,27,22,1
Leelanau,2019,1,28,22,1
Leelanau,2019,2,29,22,1
Leelanau,2019,3,30,22,1
Leelanau,2019,4,31,22,1
Leelanau,2019,5,32,22,1
Leelanau,2019,6,33,22,1
Leelanau,2019,7,34,22,1
Leelanau,2019,8,35,22,1
Leelanau,2019,9,36,22,1
Leelanau,2019,10,37,22,1
Leelanau,2019,11,38,22,1
Leelanau,2019,12,39,22,1
Lenawee,2016,10,1,22,0
Lenawee,2016,11,2,22,0
Lenawee,2016,12,3,22,0
Lenawee,2017,1,4,22,0
Lenawee,2017,2,5,22,0
Lenawee,2017,3,6,22,0
Lenawee,2017,4,7,22,0
Lenawee,2017,5,8,22,0
Lenawee,2017,6,9,22,0
Lenawee,2017,7,10,22,0
Lenawee,2017,8,11,22,0
Lenawee,2017,9,12,22,0
Lenawee,2017,10,13,22,0
Lenawee,2017,11,14,22,0
Lenawee,2017,12,15,22,0
Lenawee,2018,1,16,22,0
Lenawee,2018,2,17,22,0
Lenawee,2018,3,18,22,0
Lenawee,2018,4,19,22,0
Lenawee,2018,5,20,22,0
Lenawee,2018,6,21,22,0
Lenawee,2018,7,22,22,1
Lenawee,2018,8,23,22,1
Lenawee,2018,9,24,22,1
Lenawee,2018,10,25,22,1
Lenawee,2018,11,26,22,1
Lenawee,2018,12,27,22,1
Lenawee,2019,1,28,22,1
Lenawee,2019,2,29,22,1
Lenawee,2019,3,30,22,1
Lenawee,2019,4,31,22,1
Lenawee,2019,5,32,22,1
Lenawee,2019,6,33,22,1
Lenawee,2019,7,34,22,1
Lenawee,2019,8,35,22,1
Lenawee,2019,9,36,22,1
Lenawee,2019,10,37,22,1
Lenawee,2019,11,38,22,1
Lenawee,2019,12,39,22,1
Livingston,2016,10,1,16,0
Livingston,2016,11,2,16,0
Livingston,2016,12,3,16,0
Livingston,2017,1,4,16,0
Livingston,2017,2,5,16,0
Livingston,2017,3,6,16,0
Livingston,2017,4,7,16,0
Livingston,2017,5,8,16,0
Livingston,2017,6,9,16,0
Livingston,2017,7,10,16,0
Livingston,2017,8,11,16,0
Livingston,2017,9,12,16,0
Livingston,2017,10,13,16,0
Livingston,2017,11,14,16,0
Livingston,2017,12,15,16,0
Livingston,2018,1,16,16,1
Livingston,2018,2,17,16,1
Livingston,2018,3,18,16,1
Livingston,2018,4,19,16,1
Livingston,2018,5,20,16,1
Livingston,2018,6,21,16,1
Livingston,2018,7,22,16,1
Livingston,2018,8,23,16,1
Livingston,2018,9,24,16,1
Livingston,2018,10,25,16,1
Livingston,2018,11,26,16,1
Livingston,2018,12,27,16,1
Livingston,2019,1,28,16,1
Livingston,2019,2,29,16,1
Livingston,2019,3,30,16,1
Livingston,2019,4,31,16,1
Livingston,2019,5,32,16,1
Livingston,2019,6,33,16,1
Livingston,2019,7,34,16,1
Livingston,2019,8,35,16,1
Livingston,2019,9,36,16,1
Livingston,2019,10,37,16,1
Livingston,2019,11,38,16,1
Livingston,2019,12,39,16,1
Luce,2016,10,1,22,0
Luce,2016,11,2,22,0
Luce,2016,12,3,22,0
Luce,2017,1,4,22,0
Luce,2017,2,5,22,0
Luce,2017,3,6,22,0
Luce,2017,4,7,22,0
Luce,2017,5,8,22,0
Luce,2017,6,9,22,0
Luce,2017,7,10,22,0
Luce,2017,8,11,22,0
Luce,2017,9,12,22,0
Luce,2017,10,13,22,0
Luce,2017,11,14,22,0
Luce,2017,12,15,22,0
Luce,2018,1,16,22,0
Luce,2018,2,17,22,0
Luce,2018,3,18,22,0
Luce,2018,4,19,22,0
Luce,2018,5,20,22,0
Luce,2018,6,21,22,0
Luce,2018,7,22,22,1
Luce,2018,8,23,22,1
Luce,2018,9,24,22,1
Luce,2018,10,25,22,1
Luce,2018,11,26,22,1
Luce,2018,12,27,22,1
Luce,2019,1,28,22,1
Luce,2019,2,29,22,1
Luce,2019,3,30,22,1
Luce,2019,4,31,22,1
Luce,2019,5,32,22,1
Luce,2019,6,33,22,1
Luce,2019,7,34,22,1
Luce,2019,8,35,22,1
Luce,2019,9,36,22,1
Luce,2019,10,37,22,1
Luce,2019,11,38,22,1
Luce,2019,12,39,22,1
Mackinac,2016,10,1,22,0
Mackinac,2016,11,2,22,0
Mackinac,2016,12,3,22,0
Mackinac,2017,1,4,22,0
Mackinac,2017,2,5,22,0
Mackinac,2017,3,6,22,0
Mackinac,2017,4,7,22,0
Mackinac,2017,5,8,22,0
Mackinac,2017,6,9,22,0
Mackinac,2017,7,10,22,0
Mackinac,2017,8,11,22,0
Mackinac,2017,9,12,22,0
Mackinac,2017,10,13,22,0
Mackinac,2017,11,14,22,0
Mackinac,2017,12,15,22,0
Mackinac,2018,1,16,22,0
Mackinac,2018,2,17,22,0
Mackinac,2018,3,18,22,0
Mackinac,2018,4,19,22,0
Mackinac,2018,5,20,22,0
Mackinac,2018,6,21,22,0
Mackinac,2018,7,22,22,1
Mackinac,2018,8,23,22,1
Mackinac,2018,9,24,22,1
Mackinac,2018,10,25,22,1
Mackinac,2018,11,26,22,1
Mackinac,2018,12,27,22,1
Mackinac,2019,1,28,22,1
Mackinac,2019,2,29,22,1
Mackinac,2019,3,30,22,1
Mackinac,2019,4,31,22,1
Mackinac,2019,5,32,22,1
Mackinac,2019,6,33,22,1
Mackinac,2019,7,34,22,1
Mackinac,2019,8,35,22,1
Mackinac,2019,9,36,22,1
Mackinac,2019,10,37,22,1
Mackinac,2019,11,38,22,1
Mackinac,2019,12,39,22,1
Macomb,2016,10,1,22,0
Macomb,2016,11,2,22,0
Macomb,2016,12,3,22,0
Macomb,2017,1,4,22,0
Macomb,2017,2,5,22,0
Macomb,2017,3,6,22,0
Macomb,2017,4,7,22,0
Macomb,2017,5,8,22,0
Macomb,2017,6,9,22,0
Macomb,2017,7,10,22,0
Macomb,2017,8,11,22,0
Macomb,2017,9,12,22,0
Macomb,2017,10,13,22,0
Macomb,2017,11,14,22,0
Macomb,2017,12,15,22,0
Macomb,2018,1,16,22,0
Macomb,2018,2,17,22,0
Macomb,2018,3,18,22,0
Macomb,2018,4,19,22,0
Macomb,2018,5,20,22,0
Macomb,2018,6,21,22,0
Macomb,2018,7,22,22,1
Macomb,2018,8,23,22,1
Macomb,2018,9,24,22,1
Macomb,2018,10,25,22,1
Macomb,2018,11,26,22,1
Macomb,2018,12,27,22,1
Macomb,2019,1,28,22,1
Macomb,2019,2,29,22,1
Macomb,2019,3,30,22,1
Macomb,2019,4,31,22,1
Macomb,2019,5,32,22,1
Macomb,2019,6,33,22,1
Macomb,2019,7,34,22,1
Macomb,2019,8,35,22,1
Macomb,2019,9,36,22,1
Macomb,2019,10,37,22,1
Macomb,2019,11,38,22,1
Macomb,2019,12,39,22,1
Manistee,2016,10,1,22,0
Manistee,2016,11,2,22,0
Manistee,2016,12,3,22,0
Manistee,2017,1,4,22,0
Manistee,2017,2,5,22,0
Manistee,2017,3,6,22,0
Manistee,2017,4,7,22,0
Manistee,2017,5,8,22,0
Manistee,2017,6,9,22,0
Manistee,2017,7,10,22,0
Manistee,2017,8,11,22,0
Manistee,2017,9,12,22,0
Manistee,2017,10,13,22,0
Manistee,2017,11,14,22,0
Manistee,2017,12,15,22,0
Manistee,2018,1,16,22,0
Manistee,2018,2,17,22,0
Manistee,2018,3,18,22,0
Manistee,2018,4,19,22,0
Manistee,2018,5,20,22,0
Manistee,2018,6,21,22,0
Manistee,2018,7,22,22,1
Manistee,2018,8,23,22,1
Manistee,2018,9,24,22,1
Manistee,2018,10,25,22,1
Manistee,2018,11,26,22,1
Manistee,2018,12,27,22,1
Manistee,2019,1,28,22,1
Manistee,2019,2,29,22,1
Manistee,2019,3,30,22,1
Manistee,2019,4,31,22,1
Manistee,2019,5,32,22,1
Manistee,2019,6,33,22,1
Manistee,2019,7,34,22,1
Manistee,2019,8,35,22,1
Manistee,2019,9,36,22,1
Manistee,2019,10,37,22,1
Manistee,2019,11,38,22,1
Manistee,2019,12,39,22,1
Marquette,2016,10,1,22,0
Marquette,2016,11,2,22,0
Marquette,2016,12,3,22,0
Marquette,2017,1,4,22,0
Marquette,2017,2,5,22,0
Marquette,2017,3,6,22,0
Marquette,2017,4,7,22,0
Marquette,2017,5,8,22,0
Marquette,2017,6,9,22,0
Marquette,2017,7,10,22,0
Marquette,2017,8,11,22,0
Marquette,2017,9,12,22,0
Marquette,2017,10,13,22,0
Marquette,2017,11,14,22,0
Marquette,2017,12,15,22,0
Marquette,2018,1,16,22,0
Marquette,2018,2,17,22,0
Marquette,2018,3,18,22,0
Marquette,2018,4,19,22,0
Marquette,2018,5,20,22,0
Marquette,2018,6,21,22,0
Marquette,2018,7,22,22,1
Marquette,2018,8,23,22,1
Marquette,2018,9,24,22,1
Marquette,2018,10,25,22,1
Marquette,2018,11,26,22,1
Marquette,2018,12,27,22,1
Marquette,2019,1,28,22,1
Marquette,2019,2,29,22,1
Marquette,2019,3,30,22,1
Marquette,2019,4,31,22,1
Marquette,2019,5,32,22,1
Marquette,2019,6,33,22,1
Marquette,2019,7,34,22,1
Marquette,2019,8,35,22,1
Marquette,2019,9,36,22,1
Marquette,2019,10,37,22,1
Marquette,2019,11,38,22,1
Marquette,2019,12,39,22,1
Mason,2016,10,1,22,0
Mason,2016,11,2,22,0
Mason,2016,12,3,22,0
Mason,2017,1,4,22,0
Mason,2017,2,5,22,0
Mason,2017,3,6,22,0
Mason,2017,4,7,22,0
Mason,2017,5,8,22,0
Mason,2017,6,9,22,0
Mason,2017,7,10,22,0
Mason,2017,8,11,22,0
Mason,2017,9,12,22,0
Mason,2017,10,13,22,0
Mason,2017,11,14,22,0
Mason,2017,12,15,22,0
Mason,2018,1,16,22,0
Mason,2018,2,17,22,0
Mason,2018,3,18,22,0
Mason,2018,4,19,22,0
Mason,2018,5,20,22,0
Mason,2018,6,21,22,0
Mason,2018,7,22,22,1
Mason,2018,8,23,22,1
Mason,2018,9,24,22,1
Mason,2018,10,25,22,1
Mason,2018,11,26,22,1
Mason,2018,12,27,22,1
Mason,2019,1,28,22,1
Mason,2019,2,29,22,1
Mason,2019,3,30,22,1
Mason,2019,4,31,22,1
Mason,2019,5,32,22,1
Mason,2019,6,33,22,1
Mason,2019,7,34,22,1
Mason,2019,8,35,22,1
Mason,2019,9,36,22,1
Mason,2019,10,37,22,1
Mason,2019,11,38,22,1
Mason,2019,12,39,22,1
Mecosta,2016,10,1,22,0
Mecosta,2016,11,2,22,0
Mecosta,2016,12,3,22,0
Mecosta,2017,1,4,22,0
Mecosta,2017,2,5,22,0
Mecosta,2017,3,6,22,0
Mecosta,2017,4,7,22,0
Mecosta,2017,5,8,22,0
Mecosta,2017,6,9,22,0
Mecosta,2017,7,10,22,0
Mecosta,2017,8,11,22,0
Mecosta,2017,9,12,22,0
Mecosta,2017,10,13,22,0
Mecosta,2017,11,14,22,0
Mecosta,2017,12,15,22,0
Mecosta,2018,1,16,22,0
Mecosta,2018,2,17,22,0
Mecosta,2018,3,18,22,0
Mecosta,2018,4,19,22,0
Mecosta,2018,5,20,22,0
Mecosta,2018,6,21,22,0
Mecosta,2018,7,22,22,1
Mecosta,2018,8,23,22,1
Mecosta,2018,9,24,22,1
Mecosta,2018,10,25,22,1
Mecosta,2018,11,26,22,1
Mecosta,2018,12,27,22,1
Mecosta,2019,1,28,22,1
Mecosta,2019,2,29,22,1
Mecosta,2019,3,30,22,1
Mecosta,2019,4,31,22,1
Mecosta,2019,5,32,22,1
Mecosta,2019,6,33,22,1
Mecosta,2019,7,34,22,1
Mecosta,2019,8,35,22,1
Mecosta,2019,9,36,22,1
Mecosta,2019,10,37,22,1
Mecosta,2019,11,38,22,1
Mecosta,2019,12,39,22,1
Menominee,2016,10,1,22,0
Menominee,2016,11,2,22,0
Menominee,2016,12,3,22,0
Menominee,2017,1,4,22,0
Menominee,2017,2,5,22,0
Menominee,2017,3,6,22,0
Menominee,2017,4,7,22,0
Menominee,2017,5,8,22,0
Menominee,2017,6,9,22,0
Menominee,2017,7,10,22,0
Menominee,2017,8,11,22,0
Menominee,2017,9,12,22,0
Menominee,2017,10,13,22,0
Menominee,2017,11,14,22,0
Menominee,2017,12,15,22,0
Menominee,2018,1,16,22,0
Menominee,2018,2,17,22,0
Menominee,2018,3,18,22,0
Menominee,2018,4,19,22,0
Menominee,2018,5,20,22,0
Menominee,2018,6,21,22,0
Menominee,2018,7,22,22,1
Menominee,2018,8,23,22,1
Menominee,2018,9,24,22,1
Menominee,2018,10,25,22,1
Menominee,2018,11,26,22,1
Menominee,2018,12,27,22,1
Menominee,2019,1,28,22,1
Menominee,2019,2,29,22,1
Menominee,2019,3,30,22,1
Menominee,2019,4,31,22,1
Menominee,2019,5,32,22,1
Menominee,2019,6,33,22,1
Menominee,2019,7,34,22,1
Menominee,2019,8,35,22,1
Menominee,2019,9,36,22,1
Menominee,2019,10,37,22,1
Menominee,2019,11,38,22,1
Menominee,2019,12,39,22,1
Midland,2016,10,1,22,0
Midland,2016,11,2,22,0
Midland,2016,12,3,22,0
Midland,2017,1,4,22,0
Midland,2017,2,5,22,0
Midland,2017,3,6,22,0
Midland,2017,4,7,22,0
Midland,2017,5,8,22,0
Midland,2017,6,9,22,0
Midland,2017,7,10,22,0
Midland,2017,8,11,22,0
Midland,2017,9,12,22,0
Midland,2017,10,13,22,0
Midland,2017,11,14,22,0
Midland,2017,12,15,22,0
Midland,2018,1,16,22,0
Midland,2018,2,17,22,0
Midland,2018,3,18,22,0
Midland,2018,4,19,22,0
Midland,2018,5,20,22,0
Midland,2018,6,21,22,0
Midland,2018,7,22,22,1
Midland,2018,8,23,22,1
Midland,2018,9,24,22,1
Midland,2018,10,25,22,1
Midland,2018,11,26,22,1
Midland,2018,12,27,22,1
Midland,2019,1,28,22,1
Midland,2019,2,29,22,1
Midland,2019,3,30,22,1
Midland,2019,4,31,22,1
Midland,2019,5,32,22,1
Midland,2019,6,33,22,1
Midland,2019,7,34,22,1
Midland,2019,8,35,22,1
Midland,2019,9,36,22,1
Midland,2019,10,37,22,1
Midland,2019,11,38,22,1
Midland,2019,12,39,22,1
Missaukee,2016,10,1,22,0
Missaukee,2016,11,2,22,0
Missaukee,2016,12,3,22,0
Missaukee,2017,1,4,22,0
Missaukee,2017,2,5,22,0
Missaukee,2017,3,6,22,0
Missaukee,2017,4,7,22,0
Missaukee,2017,5,8,22,0
Missaukee,2017,6,9,22,0
Missaukee,2017,7,10,22,0
Missaukee,2017,8,11,22,0
Missaukee,2017,9,12,22,0
Missaukee,2017,10,13,22,0
Missaukee,2017,11,14,22,0
Missaukee,2017,12,15,22,0
Missaukee,2018,1,16,22,0
Missaukee,2018,2,17,22,0
Missaukee,2018,3,18,22,0
Missaukee,2018,4,19,22,0
Missaukee,2018,5,20,22,0
Missaukee,2018,6,21,22,0
Missaukee,2018,7,22,22,1
Missaukee,2018,8,23,22,1
Missaukee,2018,9,24,22,1
Missaukee,2018,10,25,22,1
Missaukee,2018,11,26,22,1
Missaukee,2018,12,27,22,1
Missaukee,2019,1,28,22,1
Missaukee,2019,2,29,22,1
Missaukee,2019,3,30,22,1
Missaukee,2019,4,31,22,1
Missaukee,2019,5,32,22,1
Missaukee,2019,6,33,22,1
Missaukee,2019,7,34,22,1
Missaukee,2019,8,35,22,1
Missaukee,2019,9,36,22,1
Missaukee,2019,10,37,22,1
Missaukee,2019,11,38,22,1
Missaukee,2019,12,39,22,1
Monroe,2016,10,1,22,0
Monroe,2016,11,2,22,0
Monroe,2016,12,3,22,0
Monroe,2017,1,4,22,0
Monroe,2017,2,5,22,0
Monroe,2017,3,6,22,0
Monroe,2017,4,7,22,0
Monroe,2017,5,8,22,0
Monroe,2017,6,9,22,0
Monroe,2017,7,10,22,0
Monroe,2017,8,11,22,0
Monroe,2017,9,12,22,0
Monroe,2017,10,13,22,0
Monroe,2017,11,14,22,0
Monroe,2017,12,15,22,0
Monroe,2018,1,16,22,0
Monroe,2018,2,17,22,0
Monroe,2018,3,18,22,0
Monroe,2018,4,19,22,0
Monroe,2018,5,20,22,0
Monroe,2018,6,21,22,0
Monroe,2018,7,22,22,1
Monroe,2018,8,23,22,1
Monroe,2018,9,24,22,1
Monroe,2018,10,25,22,1
Monroe,2018,11,26,22,1
Monroe,2018,12,27,22,1
Monroe,2019,1,28,22,1
Monroe,2019,2,29,22,1
Monroe,2019,3,30,22,1
Monroe,2019,4,31,22,1
Monroe,2019,5,32,22,1
Monroe,2019,6,33,22,1
Monroe,2019,7,34,22,1
Monroe,2019,8,35,22,1
Monroe,2019,9,36,22,1
Monroe,2019,10,37,22,1
Monroe,2019,11,38,22,1
Monroe,2019,12,39,22,1
Montcalm,2016,10,1,22,0
Montcalm,2016,11,2,22,0
Montcalm,2016,12,3,22,0
Montcalm,2017,1,4,22,0
Montcalm,2017,2,5,22,0
Montcalm,2017,3,6,22,0
Montcalm,2017,4,7,22,0
Montcalm,2017,5,8,22,0
Montcalm,2017,6,9,22,0
Montcalm,2017,7,10,22,0
Montcalm,2017,8,11,22,0
Montcalm,2017,9,12,22,0
Montcalm,2017,10,13,22,0
Montcalm,2017,11,14,22,0
Montcalm,2017,12,15,22,0
Montcalm,2018,1,16,22,0
Montcalm,2018,2,17,22,0
Montcalm,2018,3,18,22,0
Montcalm,2018,4,19,22,0
Montcalm,2018,5,20,22,0
Montcalm,2018,6,21,22,0
Montcalm,2018,7,22,22,1
Montcalm,2018,8,23,22,1
Montcalm,2018,9,24,22,1
Montcalm,2018,10,25,22,1
Montcalm,2018,11,26,22,1
Montcalm,2018,12,27,22,1
Montcalm,2019,1,28,22,1
Montcalm,2019,2,29,22,1
Montcalm,2019,3,30,22,1
Montcalm,2019,4,31,22,1
Montcalm,2019,5,32,22,1
Montcalm,2019,6,33,22,1
Montcalm,2019,7,34,22,1
Montcalm,2019,8,35,22,1
Montcalm,2019,9,36,22,1
Montcalm,2019,10,37,22,1
Montcalm,2019,11,38,22,1
Montcalm,2019,12,39,22,1
Montmorency,2016,10,1,22,0
Montmorency,2016,11,2,22,0
Montmorency,2016,12,3,22,0
Montmorency,2017,1,4,22,0
Montmorency,2017,2,5,22,0
Montmorency,2017,3,6,22,0
Montmorency,2017,4,7,22,0
Montmorency,2017,5,8,22,0
Montmorency,2017,6,9,22,0
Montmorency,2017,7,10,22,0
Montmorency,2017,8,11,22,0
Montmorency,2017,9,12,22,0
Montmorency,2017,10,13,22,0
Montmorency,2017,11,14,22,0
Montmorency,2017,12,15,22,0
Montmorency,2018,1,16,22,0
Montmorency,2018,2,17,22,0
Montmorency,2018,3,18,22,0
Montmorency,2018,4,19,22,0
Montmorency,2018,5,20,22,0
Montmorency,2018,6,21,22,0
Montmorency,2018,7,22,22,1
Montmorency,2018,8,23,22,1
Montmorency,2018,9,24,22,1
Montmorency,2018,10,25,22,1
Montmorency,2018,11,26,22,1
Montmorency,2018,12,27,22,1
Montmorency,2019,1,28,22,1
Montmorency,2019,2,29,22,1
Montmorency,2019,3,30,22,1
Montmorency,2019,4,31,22,1
Montmorency,2019,5,32,22,1
Montmorency,2019,6,33,22,1
Montmorency,2019,7,34,22,1
Montmorency,2019,8,35,22,1
Montmorency,2019,9,36,22,1
Montmorency,2019,10,37,22,1
Montmorency,2019,11,38,22,1
Montmorency,2019,12,39,22,1
Muskegon,2016,10,1,22,0
Muskegon,2016,11,2,22,0
Muskegon,2016,12,3,22,0
Muskegon,2017,1,4,22,0
Muskegon,2017,2,5,22,0
Muskegon,2017,3,6,22,0
Muskegon,2017,4,7,22,0
Muskegon,2017,5,8,22,0
Muskegon,2017,6,9,22,0
Muskegon,2017,7,10,22,0
Muskegon,2017,8,11,22,0
Muskegon,2017,9,12,22,0
Muskegon,2017,10,13,22,0
Muskegon,2017,11,14,22,0
Muskegon,2017,12,15,22,0
Muskegon,2018,1,16,22,0
Muskegon,2018,2,17,22,0
Muskegon,2018,3,18,22,0
Muskegon,2018,4,19,22,0
Muskegon,2018,5,20,22,0
Muskegon,2018,6,21,22,0
Muskegon,2018,7,22,22,1
Muskegon,2018,8,23,22,1
Muskegon,2018,9,24,22,1
Muskegon,2018,10,25,22,1
Muskegon,2018,11,26,22,1
Muskegon,2018,12,27,22,1
Muskegon,2019,1,28,22,1
Muskegon,2019,2,29,22,1
Muskegon,2019,3,30,22,1
Muskegon,2019,4,31,22,1
Muskegon,2019,5,32,22,1
Muskegon,2019,6,33,22,1
Muskegon,2019,7,34,22,1
Muskegon,2019,8,35,22,1
Muskegon,2019,9,36,22,1
Muskegon,2019,10,37,22,1
Muskegon,2019,11,38,22,1
Muskegon,2019,12,39,22,1
Newaygo,2016,10,1,22,0
Newaygo,2016,11,2,22,0
Newaygo,2016,12,3,22,0
Newaygo,2017,1,4,22,0
Newaygo,2017,2,5,22,0
Newaygo,2017,3,6,22,0
Newaygo,2017,4,7,22,0
Newaygo,2017,5,8,22,0
Newaygo,2017,6,9,22,0
Newaygo,2017,7,10,22,0
Newaygo,2017,8,11,22,0
Newaygo,2017,9,12,22,0
Newaygo,2017,10,13,22,0
Newaygo,2017,11,14,22,0
Newaygo,2017,12,15,22,0
Newaygo,2018,1,16,22,0
Newaygo,2018,2,17,22,0
Newaygo,2018,3,18,22,0
Newaygo,2018,4,19,22,0
Newaygo,2018,5,20,22,0
Newaygo,2018,6,21,22,0
Newaygo,2018,7,22,22,1
Newaygo,2018,8,23,22,1
Newaygo,2018,9,24,22,1
Newaygo,2018,10,25,22,1
Newaygo,2018,11,26,22,1
Newaygo,2018,12,27,22,1
Newaygo,2019,1,28,22,1
Newaygo,2019,2,29,22,1
Newaygo,2019,3,30,22,1
Newaygo,2019,4,31,22,1
Newaygo,2019,5,32,22,1
Newaygo,2019,6,33,22,1
Newaygo,2019,7,34,22,1
Newaygo,2019,8,35,22,1
Newaygo,2019,9,36,22,1
Newaygo,2019,10,37,22,1
Newaygo,2019,11,38,22,1
Newaygo,2019,12,39,22,1
Oakland,2016,10,1,4,0
Oakland,2016,11,2,4,0
Oakland,2016,12,3,4,0
Oakland,2017,1,4,4,1
Oakland,2017,2,5,4,1
Oakland,2017,3,6,4,1
Oakland,2017,4,7,4,1
Oakland,2017,5,8,4,1
Oakland,2017,6,9,4,1
Oakland,2017,7,10,4,1
Oakland,2017,8,11,4,1
Oakland,2017,9,12,4,1
Oakland,2017,10,13,4,1
Oakland,2017,11,14,4,1
Oakland,2017,12,15,4,1
Oakland,2018,1,16,4,1
Oakland,2018,2,17,4,1
Oakland,2018,3,18,4,1
Oakland,2018,4,19,4,1
Oakland,2018,5,20,4,1
Oakland,2018,6,21,4,1
Oakland,2018,7,22,4,1
Oakland,2018,8,23,4,1
Oakland,2018,9,24,4,1
Oakland,2018,10,25,4,1
Oakland,2018,11,26,4,1
Oakland,2018,12,27,4,1
Oakland,2019,1,28,4,1
Oakland,2019,2,29,4,1
Oakland,2019,3,30,4,1
Oakland,2019,4,31,4,1
Oakland,2019,5,32,4,1
Oakland,2019,6,33,4,1
Oakland,2019,7,34,4,1
Oakland,2019,8,35,4,1
Oakland,2019,9,36,4,1
Oakland,2019,10,37,4,1
Oakland,2019,11,38,4,1
Oakland,2019,12,39,4,1
Oceana,2016,10,1,22,0
Oceana,2016,11,2,22,0
Oceana,2016,12,3,22,0
Oceana,2017,1,4,22,0
Oceana,2017,2,5,22,0
Oceana,2017,3,6,22,0
Oceana,2017,4,7,22,0
Oceana,2017,5,8,22,0
Oceana,2017,6,9,22,0
Oceana,2017,7,10,22,0
Oceana,2017,8,11,22,0
Oceana,2017,9,12,22,0
Oceana,2017,10,13,22,0
Oceana,2017,11,14,22,0
Oceana,2017,12,15,22,0
Oceana,2018,1,16,22,0
Oceana,2018,2,17,22,0
Oceana,2018,3,18,22,0
Oceana,2018,4,19,22,0
Oceana,2018,5,20,22,0
Oceana,2018,6,21,22,0
Oceana,2018,7,22,22,1
Oceana,2018,8,23,22,1
Oceana,2018,9,24,22,1
Oceana,2018,10,25,22,1
Oceana,2018,11,26,22,1
Oceana,2018,12,27,22,1
Oceana,2019,1,28,22,1
Oceana,2019,2,29,22,1
Oceana,2019,3,30,22,1
Oceana,2019,4,31,22,1
Oceana,2019,5,32,22,1
Oceana,2019,6,33,22,1
Oceana,2019,7,34,22,1
Oceana,2019,8,35,22,1
Oceana,2019,9,36,22,1
Oceana,2019,10,37,22,1
Oceana,2019,11,38,22,1
Oceana,2019,12,39,22,1
Ogemaw,2016,10,1,22,0
Ogemaw,2016,11,2,22,0
Ogemaw,2016,12,3,22,0
Ogemaw,2017,1,4,22,0
Ogemaw,2017,2,5,22,0
Ogemaw,2017,3,6,22,0
Ogemaw,2017,4,7,22,0
Ogemaw,2017,5,8,22,0
Ogemaw,2017,6,9,22,0
Ogemaw,2017,7,10,22,0
Ogemaw,2017,8,11,22,0
Ogemaw,2017,9,12,22,0
Ogemaw,2017,10,13,22,0
Ogemaw,2017,11,14,22,0
Ogemaw,2017,12,15,22,0
Ogemaw,2018,1,16,22,0
Ogemaw,2018,2,17,22,0
Ogemaw,2018,3,18,22,0
Ogemaw,2018,4,19,22,0
Ogemaw,2018,5,20,22,0
Ogemaw,2018,6,21,22,0
Ogemaw,2018,7,22,22,1
Ogemaw,2018,8,23,22,1
Ogemaw,2018,9,24,22,1
Ogemaw,2018,10,25,22,1
Ogemaw,2018,11,26,22,1
Ogemaw,2018,12,27,22,1
Ogemaw,2019,1,28,22,1
Ogemaw,2019,2,29,22,1
Ogemaw,2019,3,30,22,1
Ogemaw,2019,4,31,22,1
Ogemaw,2019,5,32,22,1
Ogemaw,2019,6,33,22,1
Ogemaw,2019,7,34,22,1
Ogemaw,2019,8,35,22,1
Ogemaw,2019,9,36,22,1
Ogemaw,2019,10,37,22,1
Ogemaw,2019,11,38,22,1
Ogemaw,2019,12,39,22,1
Ontonagon,2016,10,1,22,0
Ontonagon,2016,11,2,22,0
Ontonagon,2016,12,3,22,0
Ontonagon,2017,1,4,22,0
Ontonagon,2017,2,5,22,0
Ontonagon,2017,3,6,22,0
Ontonagon,2017,4,7,22,0
Ontonagon,2017,5,8,22,0
Ontonagon,2017,6,9,22,0
Ontonagon,2017,7,10,22,0
Ontonagon,2017,8,11,22,0
Ontonagon,2017,9,12,22,0
Ontonagon,2017,10,13,22,0
Ontonagon,2017,11,14,22,0
Ontonagon,2017,12,15,22,0
Ontonagon,2018,1,16,22,0
Ontonagon,2018,2,17,22,0
Ontonagon,2018,3,18,22,0
Ontonagon,2018,4,19,22,0
Ontonagon,2018,5,20,22,0
Ontonagon,2018,6,21,22,0
Ontonagon,2018,7,22,22,1
Ontonagon,2018,8,23,22,1
Ontonagon,2018,9,24,22,1
Ontonagon,2018,10,25,22,1
Ontonagon,2018,11,26,22,1
Ontonagon,2018,12,27,22,1
Ontonagon,2019,1,28,22,1
Ontonagon,2019,2,29,22,1
Ontonagon,2019,3,30,22,1
Ontonagon,2019,4,31,22,1
Ontonagon,2019,5,32,22,1
Ontonagon,2019,6,33,22,1
Ontonagon,2019,7,34,22,1
Ontonagon,2019,8,35,22,1
Ontonagon,2019,9,36,22,1
Ontonagon,2019,10,37,22,1
Ontonagon,2019,11,38,22,1
Ontonagon,2019,12,39,22,1
Osceola,2016,10,1,22,0
Osceola,2016,11,2,22,0
Osceola,2016,12,3,22,0
Osceola,2017,1,4,22,0
Osceola,2017,2,5,22,0
Osceola,2017,3,6,22,0
Osceola,2017,4,7,22,0
Osceola,2017,5,8,22,0
Osceola,2017,6,9,22,0
Osceola,2017,7,10,22,0
Osceola,2017,8,11,22,0
Osceola,2017,9,12,22,0
Osceola,2017,10,13,22,0
Osceola,2017,11,14,22,0
Osceola,2017,12,15,22,0
Osceola,2018,1,16,22,0
Osceola,2018,2,17,22,0
Osceola,2018,3,18,22,0
Osceola,2018,4,19,22,0
Osceola,2018,5,20,22,0
Osceola,2018,6,21,22,0
Osceola,2018,7,22,22,1
Osceola,2018,8,23,22,1
Osceola,2018,9,24,22,1
Osceola,2018,10,25,22,1
Osceola,2018,11,26,22,1
Osceola,2018,12,27,22,1
Osceola,2019,1,28,22,1
Osceola,2019,2,29,22,1
Osceola,2019,3,30,22,1
Osceola,2019,4,31,22,1
Osceola,2019,5,32,22,1
Osceola,2019,6,33,22,1
Osceola,2019,7,34,22,1
Osceola,2019,8,35,22,1
Osceola,2019,9,36,22,1
Osceola,2019,10,37,22,1
Osceola,2019,11,38,22,1
Osceola,2019,12,39,22,1
Oscoda,2016,10,1,22,0
Oscoda,2016,11,2,22,0
Oscoda,2016,12,3,22,0
Oscoda,2017,1,4,22,0
Oscoda,2017,2,5,22,0
Oscoda,2017,3,6,22,0
Oscoda,2017,4,7,22,0
Oscoda,2017,5,8,22,0
Oscoda,2017,6,9,22,0
Oscoda,2017,7,10,22,0
Oscoda,2017,8,11,22,0
Oscoda,2017,9,12,22,0
Oscoda,2017,10,13,22,0
Oscoda,2017,11,14,22,0
Oscoda,2017,12,15,22,0
Oscoda,2018,1,16,22,0
Oscoda,2018,2,17,22,0
Oscoda,2018,3,18,22,0
Oscoda,2018,4,19,22,0
Oscoda,2018,5,20,22,0
Oscoda,2018,6,21,22,0
Oscoda,2018,7,22,22,1
Oscoda,2018,8,23,22,1
Oscoda,2018,9,24,22,1
Oscoda,2018,10,25,22,1
Oscoda,2018,11,26,22,1
Oscoda,2018,12,27,22,1
Oscoda,2019,1,28,22,1
Oscoda,2019,2,29,22,1
Oscoda,2019,3,30,22,1
Oscoda,2019,4,31,22,1
Oscoda,2019,5,32,22,1
Oscoda,2019,6,33,22,1
Oscoda,2019,7,34,22,1
Oscoda,2019,8,35,22,1
Oscoda,2019,9,36,22,1
Oscoda,2019,10,37,22,1
Oscoda,2019,11,38,22,1
Oscoda,2019,12,39,22,1
Otsego,2016,10,1,22,0
Otsego,2016,11,2,22,0
Otsego,2016,12,3,22,0
Otsego,2017,1,4,22,0
Otsego,2017,2,5,22,0
Otsego,2017,3,6,22,0
Otsego,2017,4,7,22,0
Otsego,2017,5,8,22,0
Otsego,2017,6,9,22,0
Otsego,2017,7,10,22,0
Otsego,2017,8,11,22,0
Otsego,2017,9,12,22,0
Otsego,2017,10,13,22,0
Otsego,2017,11,14,22,0
Otsego,2017,12,15,22,0
Otsego,2018,1,16,22,0
Otsego,2018,2,17,22,0
Otsego,2018,3,18,22,0
Otsego,2018,4,19,22,0
Otsego,2018,5,20,22,0
Otsego,2018,6,21,22,0
Otsego,2018,7,22,22,1
Otsego,2018,8,23,22,1
Otsego,2018,9,24,22,1
Otsego,2018,10,25,22,1
Otsego,2018,11,26,22,1
Otsego,2018,12,27,22,1
Otsego,2019,1,28,22,1
Otsego,2019,2,29,22,1
Otsego,2019,3,30,22,1
Otsego,2019,4,31,22,1
Otsego,2019,5,32,22,1
Otsego,2019,6,33,22,1
Otsego,2019,7,34,22,1
Otsego,2019,8,35,22,1
Otsego,2019,9,36,22,1
Otsego,2019,10,37,22,1
Otsego,2019,11,38,22,1
Otsego,2019,12,39,22,1
Ottawa,2016,10,1,4,0
Ottawa,2016,11,2,4,0
Ottawa,2016,12,3,4,0
Ottawa,2017,1,4,4,1
Ottawa,2017,2,5,4,1
Ottawa,2017,3,6,4,1
Ottawa,2017,4,7,4,1
Ottawa,2017,5,8,4,1
Ottawa,2017,6,9,4,1
Ottawa,2017,7,10,4,1
Ottawa,2017,8,11,4,1
Ottawa,2017,9,12,4,1
Ottawa,2017,10,13,4,1
Ottawa,2017,11,14,4,1
Ottawa,2017,12,15,4,1
Ottawa,2018,1,16,4,1
Ottawa,2018,2,17,4,1
Ottawa,2018,3,18,4,1
Ottawa,2018,4,19,4,1
Ottawa,2018,5,20,4,1
Ottawa,2018,6,21,4,1
Ottawa,2018,7,22,4,1
Ottawa,2018,8,23,4,1
Ottawa,2018,9,24,4,1
Ottawa,2018,10,25,4,1
Ottawa,2018,11,26,4,1
Ottawa,2018,12,27,4,1
Ottawa,2019,1,28,4,1
Ottawa,2019,2,29,4,1
Ottawa,2019,3,30,4,1
Ottawa,2019,4,31,4,1
Ottawa,2019,5,32,4,1
Ottawa,2019,6,33,4,1
Ottawa,2019,7,34,4,1
Ottawa,2019,8,35,4,1
Ottawa,2019,9,36,4,1
Ottawa,2019,10,37,4,1
Ottawa,2019,11,38,4,1
Ottawa,2019,12,39,4,1
Presque Isle,2016,10,1,22,0
Presque Isle,2016,11,2,22,0
Presque Isle,2016,12,3,22,0
Presque Isle,2017,1,4,22,0
Presque Isle,2017,2,5,22,0
Presque Isle,2017,3,6,22,0
Presque Isle,2017,4,7,22,0
Presque Isle,2017,5,8,22,0
Presque Isle,2017,6,9,22,0
Presque Isle,2017,7,10,22,0
Presque Isle,2017,8,11,22,0
Presque Isle,2017,9,12,22,0
Presque Isle,2017,10,13,22,0
Presque Isle,2017,11,14,22,0
Presque Isle,2017,12,15,22,0
Presque Isle,2018,1,16,22,0
Presque Isle,2018,2,17,22,0
Presque Isle,2018,3,18,22,0
Presque Isle,2018,4,19,22,0
Presque Isle,2018,5,20,22,0
Presque Isle,2018,6,21,22,0
Presque Isle,2018,7,22,22,1
Presque Isle,2018,8,23,22,1
Presque Isle,2018,9,24,22,1
Presque Isle,2018,10,25,22,1
Presque Isle,2018,11,26,22,1
Presque Isle,2018,12,27,22,1
Presque Isle,2019,1,28,22,1
Presque Isle,2019,2,29,22,1
Presque Isle,2019,3,30,22,1
Presque Isle,2019,4,31,22,1
Presque Isle,2019,5,32,22,1
Presque Isle,2019,6,33,22,1
Presque Isle,2019,7,34,22,1
Presque Isle,2019,8,35,22,1
Presque Isle,2019,9,36,22,1
Presque Isle,2019,10,37,22,1
Presque Isle,2019,11,38,22,1
Presque Isle,2019,12,39,22,1
Roscommon,2016,10,1,22,0
Roscommon,2016,11,2,22,0
Roscommon,2016,12,3,22,0
Roscommon,2017,1,4,22,0
Roscommon,2017,2,5,22,0
Roscommon,2017,3,6,22,0
Roscommon,2017,4,7,22,0
Roscommon,2017,5,8,22,0
Roscommon,2017,6,9,22,0
Roscommon,2017,7,10,22,0
Roscommon,2017,8,11,22,0
Roscommon,2017,9,12,22,0
Roscommon,2017,10,13,22,0
Roscommon,2017,11,14,22,0
Roscommon,2017,12,15,22,0
Roscommon,2018,1,16,22,0
Roscommon,2018,2,17,22,0
Roscommon,2018,3,18,22,0
Roscommon,2018,4,19,22,0
Roscommon,2018,5,20,22,0
Roscommon,2018,6,21,22,0
Roscommon,2018,7,22,22,1
Roscommon,2018,8,23,22,1
Roscommon,2018,9,24,22,1
Roscommon,2018,10,25,22,1
Roscommon,2018,11,26,22,1
Roscommon,2018,12,27,22,1
Roscommon,2019,1,28,22,1
Roscommon,2019,2,29,22,1
Roscommon,2019,3,30,22,1
Roscommon,2019,4,31,22,1
Roscommon,2019,5,32,22,1
Roscommon,2019,6,33,22,1
Roscommon,2019,7,34,22,1
Roscommon,2019,8,35,22,1
Roscommon,2019,9,36,22,1
Roscommon,2019,10,37,22,1
Roscommon,2019,11,38,22,1
Roscommon,2019,12,39,22,1
Saginaw,2016,10,1,22,0
Saginaw,2016,11,2,22,0
Saginaw,2016,12,3,22,0
Saginaw,2017,1,4,22,0
Saginaw,2017,2,5,22,0
Saginaw,2017,3,6,22,0
Saginaw,2017,4,7,22,0
Saginaw,2017,5,8,22,0
Saginaw,2017,6,9,22,0
Saginaw,2017,7,10,22,0
Saginaw,2017,8,11,22,0
Saginaw,2017,9,12,22,0
Saginaw,2017,10,13,22,0
Saginaw,2017,11,14,22,0
Saginaw,2017,12,15,22,0
Saginaw,2018,1,16,22,0
Saginaw,2018,2,17,22,0
Saginaw,2018,3,18,22,0
Saginaw,2018,4,19,22,0
Saginaw,2018,5,20,22,0
Saginaw,2018,6,21,22,0
Saginaw,2018,7,22,22,1
Saginaw,2018,8,23,22,1
Saginaw,2018,9,24,22,1
Saginaw,2018,10,25,22,1
Saginaw,2018,11,26,22,1
Saginaw,2018,12,27,22,1
Saginaw,2019,1,28,22,1
Saginaw,2019,2,29,22,1
Saginaw,2019,3,30,22,1
Saginaw,2019,4,31,22,1
Saginaw,2019,5,32,22,1
Saginaw,2019,6,33,22,1
Saginaw,2019,7,34,22,1
Saginaw,2019,8,35,22,1
Saginaw,2019,9,36,22,1
Saginaw,2019,10,37,22,1
Saginaw,2019,11,38,22,1
Saginaw,2019,12,39,22,1
Sanilac,2016,10,1,22,0
Sanilac,2016,11,2,22,0
Sanilac,2016,12,3,22,0
Sanilac,2017,1,4,22,0
Sanilac,2017,2,5,22,0
Sanilac,2017,3,6,22,0
Sanilac,2017,4,7,22,0
Sanilac,2017,5,8,22,0
Sanilac,2017,6,9,22,0
Sanilac,2017,7,10,22,0
Sanilac,2017,8,11,22,0
Sanilac,2017,9,12,22,0
Sanilac,2017,10,13,22,0
Sanilac,2017,11,14,22,0
Sanilac,2017,12,15,22,0
Sanilac,2018,1,16,22,0
Sanilac,2018,2,17,22,0
Sanilac,2018,3,18,22,0
Sanilac,2018,4,19,22,0
Sanilac,2018,5,20,22,0
Sanilac,2018,6,21,22,0
Sanilac,2018,7,22,22,1
Sanilac,2018,8,23,22,1
Sanilac,2018,9,24,22,1
Sanilac,2018,10,25,22,1
Sanilac,2018,11,26,22,1
Sanilac,2018,12,27,22,1
Sanilac,2019,1,28,22,1
Sanilac,2019,2,29,22,1
Sanilac,2019,3,30,22,1
Sanilac,2019,4,31,22,1
Sanilac,2019,5,32,22,1
Sanilac,2019,6,33,22,1
Sanilac,2019,7,34,22,1
Sanilac,2019,8,35,22,1
Sanilac,2019,9,36,22,1
Sanilac,2019,10,37,22,1
Sanilac,2019,11,38,22,1
Sanilac,2019,12,39,22,1
Schoolcraft,2016,10,1,22,0
Schoolcraft,2016,11,2,22,0
Schoolcraft,2016,12,3,22,0
Schoolcraft,2017,1,4,22,0
Schoolcraft,2017,2,5,22,0
Schoolcraft,2017,3,6,22,0
Schoolcraft,2017,4,7,22,0
Schoolcraft,2017,5,8,22,0
Schoolcraft,2017,6,9,22,0
Schoolcraft,2017,7,10,22,0
Schoolcraft,2017,8,11,22,0
Schoolcraft,2017,9,12,22,0
Schoolcraft,2017,10,13,22,0
Schoolcraft,2017,11,14,22,0
Schoolcraft,2017,12,15,22,0
Schoolcraft,2018,1,16,22,0
Schoolcraft,2018,2,17,22,0
Schoolcraft,2018,3,18,22,0
Schoolcraft,2018,4,19,22,0
Schoolcraft,2018,5,20,22,0
Schoolcraft,2018,6,21,22,0
Schoolcraft,2018,7,22,22,1
Schoolcraft,2018,8,23,22,1
Schoolcraft,2018,9,24,22,1
Schoolcraft,2018,10,25,22,1
Schoolcraft,2018,11,26,22,1
Schoolcraft,2018,12,27,22,1
Schoolcraft,2019,1,28,22,1
Schoolcraft,2019,2,29,22,1
Schoolcraft,2019,3,30,22,1
Schoolcraft,2019,4,31,22,1
Schoolcraft,2019,5,32,22,1
Schoolcraft,2019,6,33,22,1
Schoolcraft,2019,7,34,22,1
Schoolcraft,2019,8,35,22,1
Schoolcraft,2019,9,36,22,1
Schoolcraft,2019,10,37,22,1
Schoolcraft,2019,11,38,22,1
Schoolcraft,2019,12,39,22,1
Shiawassee,2016,10,1,22,0
Shiawassee,2016,11,2,22,0
Shiawassee,2016,12,3,22,0
Shiawassee,2017,1,4,22,0
Shiawassee,2017,2,5,22,0
Shiawassee,2017,3,6,22,0
Shiawassee,2017,4,7,22,0
Shiawassee,2017,5,8,22,0
Shiawassee,2017,6,9,22,0
Shiawassee,2017,7,10,22,0
Shiawassee,2017,8,11,22,0
Shiawassee,2017,9,12,22,0
Shiawassee,2017,10,13,22,0
Shiawassee,2017,11,14,22,0
Shiawassee,2017,12,15,22,0
Shiawassee,2018,1,16,22,0
Shiawassee,2018,2,17,22,0
Shiawassee,2018,3,18,22,0
Shiawassee,2018,4,19,22,0
Shiawassee,2018,5,20,22,0
Shiawassee,2018,6,21,22,0
Shiawassee,2018,7,22,22,1
Shiawassee,2018,8,23,22,1
Shiawassee,2018,9,24,22,1
Shiawassee,2018,10,25,22,1
Shiawassee,2018,11,26,22,1
Shiawassee,2018,12,27,22,1
Shiawassee,2019,1,28,22,1
Shiawassee,2019,2,29,22,1
Shiawassee,2019,3,30,22,1
Shiawassee,2019,4,31,22,1
Shiawassee,2019,5,32,22,1
Shiawassee,2019,6,33,22,1
Shiawassee,2019,7,34,22,1
Shiawassee,2019,8,35,22,1
Shiawassee,2019,9,36,22,1
Shiawassee,2019,10,37,22,1
Shiawassee,2019,11,38,22,1
Shiawassee,2019,12,39,22,1
St. Clair,2016,10,1,22,0
St. Clair,2016,11,2,22,0
St. Clair,2016,12,3,22,0
St. Clair,2017,1,4,22,0
St. Clair,2017,2,5,22,0
St. Clair,2017,3,6,22,0
St. Clair,2017,4,7,22,0
St. Clair,2017,5,8,22,0
St. Clair,2017,6,9,22,0
St. Clair,2017,7,10,22,0
St. Clair,2017,8,11,22,0
St. Clair,2017,9,12,22,0
St. Clair,2017,10,13,22,0
St. Clair,2017,11,14,22,0
St. Clair,2017,12,15,22,0
St. Clair,2018,1,16,22,0
St. Clair,2018,2,17,22,0
St. Clair,2018,3,18,22,0
St. Clair,2018,4,19,22,0
St. Clair,2018,5,20,22,0
St. Clair,2018,6,21,22,0
St. Clair,2018,7,22,22,1
St. Clair,2018,8,23,22,1
St. Clair,2018,9,24,22,1
St. Clair,2018,10,25,22,1
St. Clair,2018,11,26,22,1
St. Clair,2018,12,27,22,1
St. Clair,2019,1,28,22,1
St. Clair,2019,2,29,22,1
St. Clair,2019,3,30,22,1
St. Clair,2019,4,31,22,1
St. Clair,2019,5,32,22,1
St. Clair,2019,6,33,22,1
St. Clair,2019,7,34,22,1
St. Clair,2019,8,35,22,1
St. Clair,2019,9,36,22,1
St. Clair,2019,10,37,22,1
St. Clair,2019,11,38,22,1
St. Clair,2019,12,39,22,1
St. Joseph,2016,10,1,22,0
St. Joseph,2016,11,2,22,0
St. Joseph,2016,12,3,22,0
St. Joseph,2017,1,4,22,0
St. Joseph,2017,2,5,22,0
St. Joseph,2017,3,6,22,0
St. Joseph,2017,4,7,22,0
St. Joseph,2017,5,8,22,0
St. Joseph,2017,6,9,22,0
St. Joseph,2017,7,10,22,0
St. Joseph,2017,8,11,22,0
St. Joseph,2017,9,12,22,0
St. Joseph,2017,10,13,22,0
St. Joseph,2017,11,14,22,0
St. Joseph,2017,12,15,22,0
St. Joseph,2018,1,16,22,0
St. Joseph,2018,2,17,22,0
St. Joseph,2018,3,18,22,0
St. Joseph,2018,4,19,22,0
St. Joseph,2018,5,20,22,0
St. Joseph,2018,6,21,22,0
St. Joseph,2018,7,22,22,1
St. Joseph,2018,8,23,22,1
St. Joseph,2018,9,24,22,1
St. Joseph,2018,10,25,22,1
St. Joseph,2018,11,26,22,1
St. Joseph,2018,12,27,22,1
St. Joseph,2019,1,28,22,1
St. Joseph,2019,2,29,22,1
St. Joseph,2019,3,30,22,1
St. Joseph,2019,4,31,22,1
St. Joseph,2019,5,32,22,1
St. Joseph,2019,6,33,22,1
St. Joseph,2019,7,34,22,1
St. Joseph,2019,8,35,22,1
St. Joseph,2019,9,36,22,1
St. Joseph,2019,10,37,22,1
St. Joseph,2019,11,38,22,1
St. Joseph,2019,12,39,22,1
Tuscola,2016,10,1,22,0
Tuscola,2016,11,2,22,0
Tuscola,2016,12,3,22,0
Tuscola,2017,1,4,22,0
Tuscola,2017,2,5,22,0
Tuscola,2017,3,6,22,0
Tuscola,2017,4,7,22,0
Tuscola,2017,5,8,22,0
Tuscola,2017,6,9,22,0
Tuscola,2017,7,10,22,0
Tuscola,2017,8,11,22,0
Tuscola,2017,9,12,22,0
Tuscola,2017,10,13,22,0
Tuscola,2017,11,14,22,0
Tuscola,2017,12,15,22,0
Tuscola,2018,1,16,22,0
Tuscola,2018,2,17,22,0
Tuscola,2018,3,18,22,0
Tuscola,2018,4,19,22,0
Tuscola,2018,5,20,22,0
Tuscola,2018,6,21,22,0
Tuscola,2018,7,22,22,1
Tuscola,2018,8,23,22,1
Tuscola,2018,9,24,22,1
Tuscola,2018,10,25,22,1
Tuscola,2018,11,26,22,1
Tuscola,2018,12,27,22,1
Tuscola,2019,1,28,22,1
Tuscola,2019,2,29,22,1
Tuscola,2019,3,30,22,1
Tuscola,2019,4,31,22,1
Tuscola,2019,5,32,22,1
Tuscola,2019,6,33,22,1
Tuscola,2019,7,34,22,1
Tuscola,2019,8,35,22,1
Tuscola,2019,9,36,22,1
Tuscola,2019,10,37,22,1
Tuscola,2019,11,38,22,1
Tuscola,2019,12,39,22,1
Van Buren,2016,10,1,22,0
Van Buren,2016,11,2,22,0
Van Buren,2016,12,3,22,0
Van Buren,2017,1,4,22,0
Van Buren,2017,2,5,22,0
Van Buren,2017,3,6,22,0
Van Buren,2017,4,7,22,0
Van Buren,2017,5,8,22,0
Van Buren,2017,6,9,22,0
Van Buren,2017,7,10,22,0
Van Buren,2017,8,11,22,0
Van Buren,2017,9,12,22,0
Van Buren,2017,10,13,22,0
Van Buren,2017,11,14,22,0
Van Buren,2017,12,15,22,0
Van Buren,2018,1,16,22,0
Van Buren,2018,2,17,22,0
Van Buren,2018,3,18,22,0
Van Buren,2018,4,19,22,0
Van Buren,2018,5,20,22,0
Van Buren,2018,6,21,22,0
Van Buren,2018,7,22,22,1
Van Buren,2018,8,23,22,1
Van Buren,2018,9,24,22,1
Van Buren,2018,10,25,22,1
Van Buren,2018,11,26,22,1
Van Buren,2018,12,27,22,1
Van Buren,2019,1,28,22,1
Van Buren,2019,2,29,22,1
Van Buren,2019,3,30,22,1
Van Buren,2019,4,31,22,1
Van Buren,2019,5,32,22,1
Van Buren,2019,6,33,22,1
Van Buren,2019,7,34,22,1
Van Buren,2019,8,35,22,1
Van Buren,2019,9,36,22,1
Van Buren,2019,10,37,22,1
Van Buren,2019,11,38,22,1
Van Buren,2019,12,39,22,1
Washtenaw,2016,10,1,4,0
Washtenaw,2016,11,2,4,0
Washtenaw,2016,12,3,4,0
Washtenaw,2017,1,4,4,1
Washtenaw,2017,2,5,4,1
Washtenaw,2017,3,6,4,1
Washtenaw,2017,4,7,4,1
Washtenaw,2017,5,8,4,1
Washtenaw,2017,6,9,4,1
Washtenaw,2017,7,10,4,1
Washtenaw,2017,8,11,4,1
Washtenaw,2017,9,12,4,1
Washtenaw,2017,10,13,4,1
Washtenaw,2017,11,14,4,1
Washtenaw,2017,12,15,4,1
Washtenaw,2018,1,16,4,1
Washtenaw,2018,2,17,4,1
Washtenaw,2018,3,18,4,1
Washtenaw,2018,4,19,4,1
Washtenaw,2018,5,20,4,1
Washtenaw,2018,6,21,4,1
Washtenaw,2018,7,22,4,1
Washtenaw,2018,8,23,4,1
Washtenaw,2018,9,24,4,1
Washtenaw,2018,10,25,4,1
Washtenaw,2018,11,26,4,1
Washtenaw,2018,12,27,4,1
Washtenaw,2019,1,28,4,1
Washtenaw,2019,2,29,4,1
Washtenaw,2019,3,30,4,1
Washtenaw,2019,4,31,4,1
Washtenaw,2019,5,32,4,1
Washtenaw,2019,6,33,4,1
Washtenaw,2019,7,34,4,1
Washtenaw,2019,8,35,4,1
Washtenaw,2019,9,36,4,1
Washtenaw,2019,10,37,4,1
Washtenaw,2019,11,38,4,1
Washtenaw,2019,12,39,4,1
Wayne,2016,10,1,25,0
Wayne,2016,11,2,25,0
Wayne,2016,12,3,25,0
Wayne,2017,1,4,25,0
Wayne,2017,2,5,25,0
Wayne,2017,3,6,25,0
Wayne,2017,4,7,25,0
Wayne,2017,5,8,25,0
Wayne,2017,6,9,25,0
Wayne,2017,7,10,25,0
Wayne,2017,8,11,25,0
Wayne,2017,9,12,25,0
Wayne,2017,10,13,25,0
Wayne,2017,11,14,25,0
Wayne,2017,12,15,25,0
Wayne,2018,1,16,25,0
Wayne,2018,2,17,25,0
Wayne,2018,3,18,25,0
Wayne,2018,4,19,25,0
Wayne,2018,5,20,25,0
Wayne,2018,6,21,25,0
Wayne,2018,7,22,25,0
Wayne,2018,8,23,25,0
Wayne,2018,9,24,25,0
Wayne,2018,10,25,25,1
Wayne,2018,11,26,25,1
Wayne,2018,12,27,25,1
Wayne,2019,1,28,25,1
Wayne,2019,2,29,25,1
Wayne,2019,3,30,25,1
Wayne,2019,4,31,25,1
Wayne,2019,5,32,25,1
Wayne,2019,6,33,25,1
Wayne,2019,7,34,25,1
Wayne,2019,8,35,25,1
Wayne,2019,9,36,25,1
Wayne,2019,10,37,25,1
Wayne,2019,11,38,25,1
Wayne,2019,12,39,25,1
Wexford,2016,10,1,22,0
Wexford,2016,11,2,22,0
Wexford,2016,12,3,22,0
Wexford,2017,1,4,22,0
Wexford,2017,2,5,22,0
Wexford,2017,3,6,22,0
Wexford,2017,4,7,22,0
Wexford,2017,5,8,22,0
Wexford,2017,6,9,22,0
Wexford,2017,7,10,22,0
Wexford,2017,8,11,22,0
Wexford,2017,9,12,22,0
Wexford,2017,10,13,22,0
Wexford,2017,11,14,22,0
Wexford,2017,12,15,22,0
Wexford,2018,1,16,22,0
Wexford,2018,2,17,22,0
Wexford,2018,3,18,22,0
Wexford,2018,4,19,22,0
Wexford,2018,5,20,22,0
Wexford,2018,6,21,22,0
Wexford,2018,7,22,22,1
Wexford,2018,8,23,22,1
Wexford,2018,9,24,22,1
Wexford,2018,10,25,22,1
Wexford,2018,11,26,22,1
Wexford,2018,12,27,22,1
Wexford,2019,1,28,22,1
Wexford,2019,2,29,22,1
Wexford,2019,3,30,22,1
Wexford,2019,4,31,22,1
Wexford,2019,5,32,22,1
Wexford,2019,6,33,22,1
Wexford,2019,7,34,22,1
Wexford,2019,8,35,22,1
Wexford,2019,9,36,22,1
Wexford,2019,10,37,22,1
Wexford,2019,11,38,22,1
Wexford,2019,12,39,22,1
